title,indegree,pagerank,betweenness,closeness,canonisation_score,louvain_cluster,leiden_cluster
1792_ABDALLAH_noWikiID,6.994938609793211,0.004795131363444034,0.0022662103413190267,0.06565331535722463,0.0560723413501725,7,3
1867_ABU_TELFAN_Q335418,1.9989306928982034,0.0006251285482918986,3.083279375944254e-05,0.003506895949697672,0.135719851904178,1,0
1778_ADAMS_ERSTES_ERWACHEN_UND_ERSTE_SEELIGE_NAECHTE_noWikiID,3.7731687525889193,0.0026471700236581895,0.0002497456294514846,0.07568443570641425,0.0275134422375932,2,8
1825_ADDRICH_IM_MOOS_noWikiID,5.995683406508682,0.0023415210186530145,0.00038540992199303175,0.03536925838741838,0.0221068485323305,3,1
1841_ADELE_noWikiID,2.994706949779324,0.0008116550930944724,1.2333117503777017e-05,0.005603306202142514,0.0205467828522686,7,12
1834_AESTHETISCHE_FELDZUEGE_noWikiID,0.0,0.00039894381103915545,0.0,0.0,0.0275134422375932,10,7
1799_AGATHODAEMON_noWikiID,2.9663477965611404,0.0009072519749122343,6.474886689482934e-05,0.006945507518255315,0.0741722353260478,10,7
1798_AGNES_VON_LILIEN_Q105642294,8.993207955222227,0.0030957144581888908,0.0002281626738198748,0.04253947276545452,0.0205467828522686,2,8
1815_AHNUNG_UND_GEGENWART_Q402329,3.99578529992147,0.0011916899573964279,6.78321462707736e-05,0.012072536028210751,0.740328921716904,2,8
1883_ALSO_SPRACH_ZARATHUSTRA_Q199774,4.978228916410215,0.001347326717414389,0.00016033052754910122,0.013390576457239614,0.0205467828522686,5,4
1902_ALTERSHAUSEN_noWikiID,0.0,0.00039894381103915545,0.0,0.0,0.0560723413501725,6,2
1880_ALTE_NESTER_Q436036,0.0,0.00039894381103915545,0.0,0.0,0.0645339993923284,6,2
1803_AMANDA_UND_EDUARD_noWikiID,1.997867508943784,0.0006250717224468167,7.708198439860635e-05,0.003505030620389926,0.0424309919848873,6,2
1897_AMAZONENSCHLACHT_noWikiID,1.9974143938389468,0.0006892897121664489,0.00023741251194770756,0.004672747577959326,0.0205467828522686,8,3
1862_ANDREA_DELFIN_Q28054637,2.9927937901985966,0.000958472689102329,0.0008355687108808929,0.008757302089113284,0.0560723413501725,6,2
1906_ANDROGYNE_noWikiID,0.996804458909765,0.0005120419847158598,0.0001479974100453242,0.001748779752473272,0.0205467828522686,9,9
1891_ANGELA_BORGIA_noWikiID,0.0,0.00039894381103915545,0.0,0.0,0.0975111340573339,3,10
1845_ANNA_noWikiID,0.9966520403594092,0.000512125140581385,9.249838127832763e-05,0.0017485123515077355,0.0367536016133564,1,0
1785_ANTON_REISER_Q593385,2.9777199349265335,0.0008448167337040406,0.0001140813369099374,0.0062034914004458295,0.827943039612669,10,7
1898_AN_HEILIGEN_WASSERN_noWikiID,0.0,0.00039894381103915545,0.0,0.0,0.0205467828522686,11,6
1878_AQUIS_SUBMERSUS_Q623355,0.9994168202053592,0.0005121111086484301,0.00011099805753399315,0.0017533628424655425,0.389868771519071,2,8
1903_ARBEIT_noWikiID,1.998310070731427,0.0006253588957439311,7.708198439860635e-05,0.003505806456998223,0.0205467828522686,11,4
1787_ARDINGHELLO_noWikiID,7.981855152617317,0.004042807842055504,0.0009064841365276108,0.05902729673298117,0.274620702296579,1,0
1909_ARDISTAN_UND_DSCHINNISTAN_Q639501,0.0,0.00039894381103915545,0.0,0.0,0.0601640846066759,11,6
1804_ARIEL'S_OFFENBARUNGEN_noWikiID,2.9929306564911413,0.0010121236901189956,9.249838127832763e-05,0.010095627694146365,0.0601640846066759,11,4
1800_ARISTIPP_UND_EINIGE_SEINER_ZEITGENOSSEN_noWikiID,0.9979412436969064,0.0006529391664352453,0.0001356642925415472,0.00642074086930881,0.0645339993923284,10,7
1810_ARMUT_REICHTUM_SCHULD_UND_BUSSE_DER_GRAEFIN_DOLORES_Q689540,0.0,0.00039894381103915545,0.0,0.0,0.154236863598718,4,8
1689_ASIATISCHE_BANISE_noWikiID,20.310014489109772,0.06578857870365819,0.0,0.3055256153982181,0.0394945910733656,1,0
1875_ASPASIA_noWikiID,0.9982218462898532,0.0005120974665023215,1.8499676255665524e-05,0.0017512663969997426,0.0205467828522686,1,0
1879_AUCH_EINER_Q758582,1.9987599957837352,0.0006251740340635318,4.9332470015108066e-05,0.0035065954579855045,0.0221068485323305,3,1
1859_AUF_DEM_STAATSHOF_noWikiID,5.989313607556629,0.00137351802585067,0.00018191348318071098,0.013132907101320953,0.0741722353260478,2,8
1862_AUF_DER_UNIVERSITAET_Q15792139,4.9955395240854275,0.0013954267885080158,0.00038849320136897603,0.012266501865114245,0.0560723413501725,2,8
1911_AUF_DER_WEGWACHT_noWikiID,0.0,0.00039894381103915545,0.0,0.0,0.0205467828522686,3,1
1897_AUF_ZWEI_PLANETEN_Q4310936,0.9991070727188264,0.000512020183063868,9.249838127832762e-06,0.0017528194258225023,0.0205467828522686,3,1
1789_AUSWAHL_AUS_DES_TEUFELS_PAPIEREN_noWikiID,1.9947503940377076,0.0006979803376556855,9.249838127832762e-06,0.005656765455397948,0.0645339993923284,10,7
1842_AUS_DEM_BOEHMERWALDE_noWikiID,1.9971752012820772,0.0006572760170163761,0.0001356642925415472,0.0035038149002144664,0.0205467828522686,3,1
1847_AUS_DEM_LEBEN_EINER_FRAU_Q101323690,3.9943477344257734,0.0013567247047463755,0.00011716461628588165,0.015060153978178078,0.0275134422375932,4,10
1826_AUS_DEM_LEBEN_EINES_TAUGENICHTS_Q777658,3.9833214743806313,0.0010533216060101176,0.00014491413066937994,0.008324760167445787,0.462879594039226,6,2
1833_AUS_DEN_MEMOIREN_DES_HERRN_SCHNABELEWOPSKI_noWikiID,3.9925508131723237,0.0015260827468471742,0.0012148120741220362,0.01879553857775832,0.259978377605495,3,5
1818_AUS_DER_CHRONIKA_EINES_FAHRENDEN_SCHUELERS_Q777681,3.985191804236466,0.0015369130973181414,0.0006228224339407393,0.01496158387365708,0.0851189742374057,9,11
1853_AUS_EINER_FAMILIE_noWikiID,1.9806827057714798,0.00080083192082365,0.00012949773378965868,0.006964456226037459,0.0205467828522686,5,4
1908_AUS_GUTER_FAMILIE_noWikiID,0.0,0.00039894381103915545,0.0,0.0,0.0221068485323305,8,3
1811_AUS_MEINEM_LEBEN._DICHTUNG_UND_WAHRHEIT_Q569377,2.9845839607017117,0.0008438197576948193,6.166558751888508e-05,0.005587126204164988,0.838335598755431,10,7
1895_AUS_TROTZKOPFS_EHE_noWikiID,0.9994446767462718,0.0005120191946478119,7.39987050226621e-05,0.0017534117135899504,0.0205467828522686,6,2
1888_BAHNWAERTER_THIEL_Q803617,4.994694912758679,0.0010605058498836316,0.00020966299756420927,0.009544640482826822,0.407795370158162,3,1
1869_BARBAROSSA_noWikiID,0.0,0.00039894381103915545,0.0,0.0,0.0601640846066759,6,2
1867_BEATRICE_noWikiID,0.9995351833820132,0.000512173595395688,0.00017266364505287823,0.0017535704971614267,0.0560723413501725,6,2
1912_BEBUQUIN_Q30134038,0.0,0.00039894381103915545,0.0,0.0,0.289764790109877,8,3
1776_BELPHEGOR_noWikiID,6.985861778935542,0.004426337605819749,0.0006043227576850738,0.09322089849885942,0.0794735706665683,1,0
1847_BILDER_UND_GESCHICHTEN_AUS_SCHWABEN_Q15788617,0.9996339520555028,0.000512071907566557,6.166558751888508e-05,0.0017537437755359695,0.0205467828522686,0,0
1894_BLUMEN_noWikiID,1.997450683325543,0.000625108934285572,1.2333117503777017e-05,0.0035042993122441045,0.0851189742374057,5,4
1876_BOZENA_noWikiID,0.9995246515171822,0.0006173084034622549,6.474886689482934e-05,0.004008293055697893,0.0645339993923284,3,1
1832_BRIEFE_EINES_NARREN_UND_EINER_NAERRIN_noWikiID,7.9926127996178336,0.00288874895528684,0.0024851231770110687,0.025754316720592328,0.0645339993923284,4,10
1847_BRIGITTA_(STIFTER)_Q539511,0.9969644400750076,0.0006530736144947646,0.0002466623500755403,0.004500649901708572,0.289764790109877,9,11
1901_BUDDENBROOKS_Q326909,0.0,0.00039894381103915545,0.0,0.0,0.144732511897424,4,10
1864_BULEMANNS_HAUS_Q1003556,3.9964639362191083,0.0009336049469175856,7.708198439860635e-05,0.00715708755957325,0.0560723413501725,2,8
1853_BUNTE_STEINE_Q1009887,0.98714542708193,0.0005439086836751326,3.39160731353868e-05,0.0023132122289160257,0.628138424466113,9,11
1830_CABANIS_noWikiID,6.990620459207442,0.002669345429426475,0.0014953904973329633,0.034088251651356365,0.0255818179471078,8,3
1878_CARSTEN_CURATOR_Q1045516,1.9988275196428384,0.0006571819504633876,5.5499028766996575e-05,0.00350671457365364,0.0601640846066759,2,8
1902_CHRISTA_RUHLAND_noWikiID,0.9985345734608718,0.0005121380397060047,3.39160731353868e-05,0.0017518150411594243,0.0205467828522686,8,3
1843_CLEMENTINE_noWikiID,2.9969725872899335,0.0009786469362186635,0.0004409089507600283,0.0071582016201376915,0.0205467828522686,7,12
1886_CÉCILE_noWikiID,1.9991997540685937,0.0007514359314991496,0.0002158295563160978,0.006455237910059477,0.305392408053958,3,1
1854_DAPHNIS_noWikiID,1.9770932286320968,0.0007300912049410392,0.00018499676255665526,0.0039097663980904055,0.0237824899093644,5,4
1887_DAS_ALTE_HAUS_noWikiID,1.9989832449283058,0.0006571943356493747,5.241574939105232e-05,0.003944789349648503,0.0205467828522686,0,5
1873_DAS_AMULETT_Q1167148,0.9996783287275666,0.0005120218405737122,1.2333117503777017e-05,0.0017538216293466083,0.518885031764307,2,8
1794_DAS_BLUETHENALTER_DER_EMPFINDUNG_noWikiID,7.986655099376808,0.0027412131406314147,0.0011993956772423148,0.03175361916643277,0.0237824899093644,4,10
1827_DAS_BUCH_LE_GRAND_noWikiID,0.9966375086949064,0.0005120230424205815,4.6249190639163815e-05,0.0017484868573594849,0.274620702296579,10,9
1900_DAS_DUELL_noWikiID,3.998190555021232,0.0009155348207224,0.0003021613788425369,0.007306417234323346,0.0560723413501725,8,3
1807_DAS_ERDBEBEN_IN_CHILI_Q1167748,0.9960078470318224,0.000895294020199933,3.699935251133105e-05,0.01847974829315026,0.305392408053958,1,0
1851_DAS_ERDBEERIMAREILI_noWikiID,1.9711741396967475,0.0006967190750720002,0.0002836617025868714,0.003890255813932882,0.0560723413501725,9,11
1819_DAS_FRAEULEIN_VON_SCUDERI_Q358642,2.997011673911835,0.001162828861374728,0.00015724724817315697,0.01695143840539845,0.354934606197489,0,5
1788_DAS_GEHEIMNISS_DES_KOSMOPOLITEN-ORDENS_noWikiID,2.977869168468125,0.0007817928719485068,3.39160731353868e-05,0.00556553673422428,0.0601640846066759,10,7
1868_DAS_GEHEIMNIS_DER_ALTEN_MAMSELL_noWikiID,2.998886314906758,0.0010556226075647615,0.00011716461628588165,0.008014248466532944,0.0221068485323305,1,0
1887_DAS_GEMEINDEKIND_Q1168304,3.9957474308918624,0.0012693586506503703,0.0002805784232109271,0.016022834074844824,0.289764790109877,8,3
1896_DAS_GESPENST_noWikiID,1.9983334520732818,0.0008448045349484721,0.0004254925538803071,0.008353084229002864,0.0237824899093644,8,3
1887_DAS_GLUECK_Q3209153,0.0,0.00039894381103915545,0.0,0.0,0.0560723413501725,1,0
1817_DAS_GOLDMACHERDORF_Q114357971,8.991580446605031,0.003469752722774614,0.0014028921160546357,0.043413329740516135,0.0221068485323305,7,3
1794_DAS_HEIMWEH_Q1168923,4.995640396768377,0.001753030406143294,0.0010513982671969907,0.022428184601093398,0.0205467828522686,6,2
1803_DAS_HEXAMERON_VON_ROSENHAIN_noWikiID,2.9971437138253014,0.00089628566835379,0.0002744118644590386,0.007960362327517035,0.0560723413501725,10,7
1759_DAS_HOELZERNE_BEIN_noWikiID,2.6286481002759223,0.0009480829930911665,7.091542564671784e-05,0.0055544048631214794,0.0221068485323305,2,7
1905_DAS_JUDENGRAB_Q18411268,0.0,0.00039894381103915545,0.0,0.0,0.0560723413501725,10,9
1833_DAS_JUNGE_EUROPA_noWikiID,3.998712376849476,0.001312705856704489,0.00012333117503777016,0.017431388184925064,0.0601640846066759,0,5
1841_DAS_KAJUETENBUCH_noWikiID,3.9740817970525075,0.001103619804616001,0.0007985693583695618,0.008607346491224787,0.0205467828522686,0,5
1827_DAS_KLOSTER_BEI_SENDOMIR_Q1169335,7.9916155327300045,0.0026509341041966615,0.00014491413066937994,0.03369333381046481,0.0560723413501725,3,1
1908_DAS_KREUZ_IM_VENN_noWikiID,0.0,0.00039894381103915545,0.0,0.0,0.0560723413501725,11,6
1844_DAS_LEBEN_DER_HOCHGRAEFIN_GRITTA_VON_RATTENZUHAUSBEIUNS_noWikiID,3.9969428551802317,0.0012018596745975098,0.0001418308512934357,0.01582984951632383,0.0560723413501725,11,6
1773_DAS_LEBEN_UND_DIE_MEINUNGEN_DES_HERRN_MAGISTER_SEBALDUS_NOTHANKER_Q1810894,5.982491102185486,0.006854003555211595,0.0004532420682638054,0.1131565089811937,0.0221068485323305,1,0
1877_DAS_LEIDEN_EINES_KNABEN_Q1169610,0.9987403403233026,0.0007805716397361871,0.0002528289088274288,0.009576556925878657,0.0741722353260478,3,10
1855_DAS_MAEDCHEN_VON_TREPPI_Q28071194,1.9913520605761204,0.0007073179889331752,0.00010174821940616038,0.004857345708739748,0.0560723413501725,5,4
1895_DAS_MAERCHEN_DER_672._NACHT_Q1169916,0.9960795512409518,0.0005439460108161674,9.249838127832763e-05,0.002330575602226869,0.0560723413501725,9,9
1818_DAS_MARMORBILD_Q1169722,3.9950962047428087,0.0023149062447149144,0.00038540992199303175,0.026739402135037615,0.628138424466113,1,0
1881_DAS_NATURFORSCHERSCHIFF_noWikiID,0.999042379241872,0.0005120473409961739,3.083279375944254e-06,0.0017527059284945124,0.0205467828522686,1,0
1778_DAS_NUSS-KERNEN_noWikiID,0.0,0.00039894381103915545,0.0,0.0,0.0275134422375932,11,4
1888_DAS_ODFELD_Q1169997,0.0,0.00039894381103915545,0.0,0.0,0.33800545810469,0,5
1896_DAS_RECHT_DER_MUTTER_noWikiID,0.9969132637140176,0.0005119307389124044,8.324854315049486e-05,0.0017489706380947676,0.0237824899093644,11,4
1816_DAS_SANCTUS_Q1170225,0.9972750789433248,0.0005442223946041356,8.633182252643911e-05,0.0023334577606689273,0.0560723413501725,10,7
1894_DAS_SCHAEDLICHE_noWikiID,4.995129957713587,0.001227954120456861,0.000545740449542133,0.012723855520597245,0.0560723413501725,8,3
1883_DAS_SCHATZHAUS_DES_KOENIGS_noWikiID,2.9988780269081476,0.0007703149293232353,0.0001356642925415472,0.005261189433152447,0.0205467828522686,3,1
1817_DAS_SCHLOSS_DUERANDE_Q1170280,6.9899796503226,0.001673206568818494,0.0014059753954305798,0.018497039586762284,0.289764790109877,6,2
1899_DAS_SCHWEIGEN_IM_WALDE_noWikiID,2.999089088488276,0.0008527102045559524,8.016526377455061e-05,0.0056121429650646815,0.0221068485323305,11,6
1816_DAS_STEINERNE_HERZ_noWikiID,3.9955023765856477,0.0016069305735111833,0.0011192304134677643,0.01929892390080249,0.0601640846066759,0,5
1853_DAS_STUTTGARTER_HUTZELMAENNLEIN_Q13142535,2.986572404699604,0.000852614896990039,0.0006043227576850738,0.006588492562534389,0.259978377605495,6,2
1913_DAS_URTEIL_(KAFKA)_Q278998,0.0,0.00039894381103915545,0.0,0.0,0.104292668680321,7,12
1845_DAS_VERLASSENE_HAUS_noWikiID,6.992135758682931,0.0022960108042033357,0.00019424660068448801,0.025744201316687178,0.0205467828522686,11,6
1874_DAS_VERLORENE_LACHEN_Q1171678,0.0,0.00039894381103915545,0.0,0.0,0.444348419807107,10,7
1891_DAS_VERMAECHTNIS_DES_INKA_noWikiID,4.995772692895273,0.0013897406061231235,0.000533407332038356,0.014070927078112713,0.0560723413501725,8,3
1883_DAS_WALDROESCHEN_noWikiID,4.95391322253793,0.0012946612821049222,0.00021274627694015355,0.011786254728789152,0.0601640846066759,11,4
1900_DAS_WEIBERDORF_noWikiID,0.9994873971790764,0.0005761569498173155,2.7749514383498288e-05,0.0031564350446456777,0.0560723413501725,11,6
1830_DAS_ZAUBERSCHLOSS_noWikiID,5.997804766336215,0.0017681016216002802,0.0001479974100453242,0.01800443391894861,0.0560723413501725,0,5
1791_DEN_STEIN_DER_WEISEN_noWikiID,5.989567287355105,0.0028569716795194154,0.0021151296518977583,0.07174193757675365,0.0560723413501725,10,9
1828_DER_ALTE_VOM_BERGE_noWikiID,0.0,0.00039894381103915545,0.0,0.0,0.0560723413501725,6,2
1855_DER_AMERIKAMUEDE_noWikiID,0.0,0.00039894381103915545,0.0,0.0,0.0205467828522686,4,10
1787_DER_AMTMANN_VON_HOHENWEILER_noWikiID,8.97538904810494,0.0030388297153700707,0.00020657971818826502,0.06778997002978258,0.0205467828522686,10,9
1890_DER_APOSTEL_(HAUPTMANN)_Q28131950,3.9945383353131856,0.0012007966795487325,0.0005981561989331853,0.012406059209891157,0.0560723413501725,8,3
1847_DER_ARME_SPIELMANN_Q1198306,4.996753237853772,0.0014331472855974125,0.0002898282613387599,0.019296438652446228,0.321481356814517,7,3
1826_DER_AUFRUHR_IN_DEN_CEVENNEN_Q1192283,2.9974329910337008,0.0009774269634077212,0.00013258101316560294,0.010381721077435384,0.0851189742374057,6,2
1837_DER_BAUERNSPIEGEL_noWikiID,2.994175558823271,0.001191550054334067,0.0001418308512934357,0.011801631460737833,0.0645339993923284,7,12
1854_DER_BESUCH_noWikiID,2.988410088273887,0.0009161623684731823,0.0004624919063916381,0.006244919085436963,0.0601640846066759,9,11
1796_DER_BLONDE_ECKBERT_Q1198407,7.956159019174015,0.003262943366418041,0.0010822310609564332,0.03433725412887338,0.372234887656701,6,2
1895_DER_BUETTNERBAUER_noWikiID,1.9989618816358141,0.0006572312031454901,8.633182252643911e-05,0.0035069504712851043,0.0221068485323305,7,3
1840_DER_CONDOR_Q19156156,4.990979571093251,0.0013141636855713633,0.00048099158264730367,0.013564792059999269,0.0560723413501725,6,2
1870_DER_DRAEUMLING_Q1193032,1.9993040432596398,0.0006251121813829863,0.0001479974100453242,0.00350755089835466,0.0560723413501725,3,1
1881_DER_EINSAME_noWikiID,1.9931643122150993,0.0006249187075429601,0.00020657971818826502,0.0034967791189409055,0.0601640846066759,9,11
1842_DER_FALSCHE_WOLDEMAR_noWikiID,9.629816847658109,0.002901097587201185,0.0004224092745043628,0.028268852955863767,0.0205467828522686,5,4
1797_DER_FAUST_DER_MORGENLAENDER_noWikiID,5.988188564996128,0.003726320379521414,0.0010698979434526563,0.054145028197557274,0.0560723413501725,7,12
1811_DER_FINDLING_noWikiID,0.0,0.00039894381103915545,0.0,0.0,0.0560723413501725,10,7
1823_DER_FREIHOF_VON_AARAU_noWikiID,8.99126556788293,0.0035256892365523804,0.0011839792803625935,0.03767414311483696,0.0205467828522686,3,1
1869_DER_FROMME_SPRUCH_noWikiID,0.0,0.00039894381103915545,0.0,0.0,0.0601640846066759,11,11
1908_DER_GEHUELFE_Q1193785,0.9997147362858748,0.0005120436542908546,7.091542564671784e-05,0.0017538855022559208,0.0741722353260478,3,1
1787_DER_GEISTERSEHER_Q1193812,10.987520942329914,0.007797428838043204,0.001587888878611291,0.09982950263077228,0.162696328389987,3,1
1791_DER_GENIUS_noWikiID,5.995519005530433,0.0028840706773766997,0.0005149076557826904,0.04867971517937239,0.0221068485323305,3,1
1772_DER_GOLDNE_SPIEGEL_noWikiID,7.956315477209685,0.0021677216063195207,0.00017574692442882248,0.022813834247642467,0.0975111340573339,10,7
1814_DER_GOLDNE_TOPF_Q785009,4.984133666248,0.0017524197500153292,0.0007369037708506767,0.022314010480558286,0.321481356814517,10,9
1883_DER_GOTTSUCHER_Q55978264,4.995355164273478,0.0011682193282658753,4.0082631887275306e-05,0.010954310540155502,0.0560723413501725,11,6
1854_DER_GRUENE_HEINRICH_Q1198871,0.9987369433937344,0.0005439598819921513,0.00011716461628588165,0.0023280903941211594,0.988875593155002,10,7
1880_DER_HEILIGE_Q1194176,0.0,0.00039894381103915545,0.0,0.0,0.144732511897424,2,0
1913_DER_HEIZER_noWikiID,0.0,0.00039894381103915545,0.0,0.0,0.0601640846066759,6,2
1881_DER_HERR_ETATSRAT_Q15805136,0.0,0.00039894381103915545,0.0,0.0,0.0601640846066759,1,0
1885_DER_HEXENMEISTER_noWikiID,0.999491181609628,0.0005120217929892713,5.5499028766996575e-05,0.001753493301069523,0.0205467828522686,6,2
1831_DER_HEXENSABBAT_noWikiID,0.9997613628293214,0.0005120338968404331,6.166558751888508e-06,0.0017539673032093358,0.0560723413501725,0,5
1841_DER_HOCHWALD_Q1194364,0.0,0.00039894381103915545,0.0,0.0,0.259978377605495,10,9
1864_DER_HUNGERPASTOR_Q1194487,0.9992231295981402,0.0005120242676462116,3.083279375944254e-05,0.001753023034382702,0.235356216581709,0,5
1738_DER_IM_IRR-GARTEN_DER_LIEBE_HERUM_TAUMELNDE_CAVALIER_noWikiID,9.732002862755905,0.005200873426103135,0.0019948817562359324,0.09501983141599347,0.0221068485323305,10,7
1836_DER_JUNGE_TISCHLERMEISTER_Q1198964,0.9992583011322176,0.0005120095236001592,2.158295563160978e-05,0.0017530847388284518,0.0560723413501725,0,5
1859_DER_JUNKER_VON_DENOW_Q1194662,0.0,0.00039894381103915545,0.0,0.0,0.0560723413501725,8,3
1849_DER_KLEINE_HAEWELMANN_Q1199225,0.8989039179427517,0.0005171345703942956,3.699935251133105e-05,0.0015770244174434238,0.0560723413501725,2,7
1900_DER_KOENIG_DER_BERNINA_noWikiID,0.0,0.00039894381103915545,0.0,0.0,0.0205467828522686,7,3
1777_DER_LANDPREDIGER_Q1195163,8.960524313853,0.0037907212100919403,0.0008294021521290044,0.0695274563119539,0.0560723413501725,10,9
1877_DER_LANDVOGT_VON_GREIFENSEE_Q1195171,0.0,0.00039894381103915545,0.0,0.0,0.305392408053958,10,7
1814_DER_MAGNETISEUR_(E._T._A._HOFFMANN)_Q15456531,5.991163896897066,0.0014350232868540857,0.00019116332130854376,0.012603527494694688,0.0601640846066759,10,9
1869_DER_MAJOR_noWikiID,2.9967987933453575,0.0009771324967874186,0.0001418308512934357,0.008454648352480167,0.0221068485323305,3,1
1857_DER_NACHSOMMER_Q167320,2.994159901991243,0.0008113756019085817,0.0002836617025868714,0.005600792974920449,0.768032201522249,9,9
1905_DER_POJAZ_Q1196233,0.0,0.00039894381103915545,0.0,0.0,0.0560723413501725,11,6
1865_DER_POSTEN_DER_FRAU_noWikiID,1.9935035573554845,0.0006894919121523214,0.0,0.003934874114038877,0.0221068485323305,3,1
1914_DER_PRINZ_VON_THEBEN_noWikiID,0.0,0.00039894381103915545,0.0,0.0,0.0560723413501725,4,10
1797_DER_PSYCHOLOGE_noWikiID,2.466682974644146,0.0008587548314782129,9.249838127832763e-05,0.004571706938466951,0.0560723413501725,2,7
1840_DER_RABBI_VON_BACHERACH_noWikiID,0.9981098857825124,0.0005121261214427739,7.39987050226621e-05,0.001751069975057039,0.259978377605495,10,7
1896_DER_RANGIERBAHNHOF_noWikiID,0.0,0.00039894381103915545,0.0,0.0,0.0255818179471078,11,4
1884_DER_RAUBGRAF_noWikiID,1.9988641509702672,0.0007213259601183963,0.0,0.005479322749321626,0.0205467828522686,3,1
1908_DER_REBELL_noWikiID,0.0,0.00039894381103915545,0.0,0.0,0.0560723413501725,3,1
1740_DER_REDLICHE_MANN_AM_HOFE_noWikiID,10.873982520764436,0.037791518746821816,0.001541639687972127,0.2884755105061546,0.0255818179471078,4,8
1840_DER_ROLAND_VON_BERLIN_noWikiID,6.968547811460081,0.002694019610695401,0.00032374433447414667,0.028523490753296486,0.0205467828522686,5,4
1802_DER_RUNENBERG_Q1196568,5.985169761817445,0.0017961948596748414,0.00035766040760953346,0.03078105778426208,0.481513882543301,6,2
1834_DER_SADDUZAEER_VON_AMSTERDAM_noWikiID,6.996929927697162,0.0015820534756907333,0.00041315943637653004,0.016707612050078566,0.0645339993923284,0,5
1816_DER_SANDMANN_(HOFFMANN)_Q798227,10.992665593848587,0.004024980488400164,0.0019887151974840437,0.044082537788574176,0.848215508034503,0,5
1775_DER_SATYR_MOPSUS_noWikiID,17.904026230352496,0.009970076885623978,0.000739987050226621,0.10542171911175968,0.0221068485323305,11,6
1894_DER_SCHATZ_IM_SILBERSEE_Q249905,0.0,0.00039894381103915545,0.0,0.0,0.0560723413501725,11,6
1863_DER_SCHATZ_noWikiID,1.9930439082730624,0.0006571169375802393,0.0002435790706995961,0.003936894084814306,0.0560723413501725,6,8
1888_DER_SCHIMMELREITER_Q895730,0.0,0.00039894381103915545,0.0,0.0,0.827943039612669,11,6
1856_DER_SCHMIED_SEINES_GLUECKS_noWikiID,0.999201568574155,0.0005120106748529496,4.316591126321956e-05,0.0017529852080248333,0.274620702296579,1,0
1869_DER_SCHUEDDERUMP_Q1196819,2.998356978407519,0.000770320621880243,0.0001479974100453242,0.005260274362150033,0.119112826840361,6,2
1878_DER_SCHUSS_VON_DER_KANZEL_Q1196769,4.993878160802078,0.0013463466231899233,0.0011346468103474855,0.012783769032657346,0.0794735706665683,4,10
1812_DER_SCHWEIZER_ROBINSON_ODER_DER_SCHWEIZER-PREDIGER_UND_SEINE_FAMILIE_noWikiID,3.996479491847788,0.001176483565329566,0.0004717417445194709,0.012343073457281662,0.0237824899093644,1,0
1904_DER_SELBSTMOERDER_noWikiID,0.9994371155973848,0.0005120368837605331,5.5499028766996575e-05,0.0017533984484164645,0.0205467828522686,8,3
1856_DER_SONNENWIRT_noWikiID,3.9975276821990064,0.0009887308781907696,0.0005241574939105232,0.00730560335854592,0.0205467828522686,7,12
1898_DER_STECHLIN_(ROMAN)_Q1197130,1.9987437819089333,0.0006571701007868627,0.00011716461628588165,0.003945357917224103,0.904141522122553,8,3
1885_DER_STERNSTEINHOF_noWikiID,0.0,0.00039894381103915545,0.0,0.0,0.0601640846066759,11,6
1762_DER_TOD_ABELS_noWikiID,11.8742026529754,0.015576781309778607,0.0012363950297536459,0.14840010399081088,0.0255818179471078,11,4
1900_DER_TOD_GEORGS_noWikiID,0.0,0.00039894381103915545,0.0,0.0,0.0911257006455229,6,2
1818_DER_TOLLE_INVALIDE_AUF_DEM_FORT_RATONNEAU_Q1199666,2.9905767209776335,0.0007380332772863502,3.699935251133105e-05,0.005246618345368656,0.0645339993923284,10,9
1909_DER_TORSO_noWikiID,0.0,0.00039894381103915545,0.0,0.0,0.0601640846066759,8,3
1885_DER_TROTZKOPF_Q1197625,6.991465151974333,0.0018946663012799313,0.0004779083032713594,0.020516515061466786,0.0255818179471078,11,6
1902_DER_UEBERGANG_noWikiID,1.9992266603367161,0.0006251603378508157,5.241574939105232e-05,0.0035074151722617308,0.0221068485323305,11,6
1911_DER_UNTERTAN_Q476349,0.0,0.00039894381103915545,0.0,0.0,0.0318106268524673,3,1
1786_DER_VERBRECHER_AUS_VERLORENER_EHRE_Q1197800,12.989850683804342,0.009355103576498786,0.003104862331575864,0.09346711232527147,0.125932681512614,3,1
1776_DER_WALDBRUDER_Q1197891,1.992013004399744,0.0006588850531663534,6.166558751888508e-05,0.0034947093772442943,0.0601640846066759,11,11
1866_DER_WALDBRUNNEN_noWikiID,0.9924225698815884,0.0005120862280066795,0.00013258101316560294,0.0017410922278624358,0.0560723413501725,11,11
1835_DER_WASSERMENSCH_noWikiID,2.996773458852455,0.0013600249127243363,0.00034532729010575646,0.018616817597813334,0.0560723413501725,4,10
1908_DER_WEG_INS_FREIE_Q700479,0.0,0.00039894381103915545,0.0,0.0,0.0560723413501725,8,3
1910_DER_WEHRWOLF_noWikiID,0.0,0.00039894381103915545,0.0,0.0,0.0205467828522686,9,11
1809_DER_WINTERGARTEN_noWikiID,0.9982169560376326,0.0006818165596017367,0.0,0.00900100859168716,0.0851189742374057,6,2
1813_DER_ZAUBERRING_noWikiID,2.997621226481844,0.0010373494747043558,6.474886689482934e-05,0.007807785071620013,0.0601640846066759,1,0
1811_DER_ZWEIKAMPF_noWikiID,0.9896486891055556,0.0005121428223986675,3.083279375944254e-06,0.001736225770360624,0.0560723413501725,10,7
1913_DES_DEUTSCHEN_SPIESSERS_WUNDERHORN_noWikiID,0.8336263431336858,0.0005085516662801355,0.00021891283569204205,0.0014625023563748874,0.0560723413501725,2,7
1839_DES_LEBENS_UEBERFLUSS_Q1200453,1.9994138790737246,0.0006892774850117036,0.00019732988006043226,0.003945856445965814,0.0601640846066759,0,5
1873_DES_REICHES_KRONE_Q1200467,0.0,0.00039894381103915545,0.0,0.0,0.0560723413501725,6,2
1822_DES_VETTERS_ECKFENSTER_Q979343,1.9883386768971194,0.0008127412069510655,0.00012333117503777016,0.007136982484669031,0.274620702296579,1,0
1880_DEUTSCHER_ADEL_(WILHELM_RAABE)_Q1204575,0.0,0.00039894381103915545,0.0,0.0,0.0560723413501725,2,8
1871_DEUTSCHE_PIONIERE_noWikiID,1.9981768129438326,0.0006571596039064249,6.166558751888508e-05,0.003944678657104478,0.0205467828522686,7,12
1895_DE_PROFUNDIS_noWikiID,1.980626181627963,0.0006982760839891182,8.324854315049486e-05,0.003914833041332737,0.0205467828522686,5,4
1825_DICHTERLEBEN_noWikiID,2.9960446583191858,0.001076045051856052,0.0005796565226775198,0.010991603244704707,0.0560723413501725,6,2
1835_DICHTER_UND_IHRE_GESELLEN_Q1209499,2.997889823069868,0.0009284825492273009,5.8582308142940827e-05,0.007012145625047837,0.0975111340573339,1,0
1843_DIES_BUCH_GEHOERT_DEM_KOENIG_noWikiID,6.992614895446127,0.0017048799440549933,0.0008047359171214503,0.01346666237920325,0.0741722353260478,3,1
1774_DIE_ABDERITEN_Q1210777,13.969539675930422,0.01215565119422924,0.0017605525236641692,0.1379593226574908,0.0741722353260478,1,0
1814_DIE_ABENTEUER_DER_SYLVESTERNACHT_noWikiID,5.992535253348071,0.001779749007728666,0.00020041315943637652,0.02248068668402895,0.259978377605495,0,5
1764_DIE_ABENTHEUER_DES_DON_SYLVIO_VON_ROSALVA_noWikiID,10.935972141237363,0.006175460739884982,0.003191194154102303,0.10971029889207341,0.305392408053958,10,9
1872_DIE_AHNEN_Q42185371,0.9997410387261866,0.0005120787536923831,6.166558751888508e-05,0.0017539316468880464,0.0645339993923284,7,12
1896_DIE_AKTEN_DES_VOGELSANGS_Q1210969,0.0,0.00039894381103915545,0.0,0.0,0.462879594039226,1,0
1891_DIE_ANARCHISTEN_noWikiID,0.9986860437081732,0.0005120468405863565,6.166558751888508e-05,0.0017520807784353915,0.0221068485323305,4,10
1873_DIE_BARONIN_noWikiID,0.9960667616646806,0.0005441246777334099,6.166558751888508e-06,0.0023326022959917732,0.0205467828522686,7,12
1913_DIE_BEICHTE_noWikiID,0.0,0.00039894381103915545,0.0,0.0,0.0221068485323305,10,9
1897_DIE_BRAUTNACHT_noWikiID,0.0,0.00039894381103915545,0.0,0.0,0.0601640846066759,2,8
1910_DIE_CHINESISCHE_MAUER_noWikiID,0.0,0.00039894381103915545,0.0,0.0,0.0205467828522686,1,0
1857_DIE_CHRONIK_DER_SPERLINGSGASSE_Q1211874,2.997952626194988,0.0008642378037885259,0.00010483149878210463,0.007013444565292252,0.425970768854918,3,1
1856_DIE_DREI_GERECHTEN_KAMMMACHER_Q1218123,0.0,0.00039894381103915545,0.0,0.0,0.259978377605495,10,9
1817_DIE_DREI_NUESSE_noWikiID,0.0,0.00039894381103915545,0.0,0.0,0.0560723413501725,6,2
1812_DIE_ELFEN_(LUDWIG_TIECK)_Q1169906,2.9948999562435334,0.0010855620724550142,4.6249190639163815e-05,0.014191547545994155,0.0645339993923284,6,2
1815_DIE_ELIXIERE_DES_TEUFELS_Q600849,6.992219878761595,0.0025827638313208807,0.00099281595905405,0.021587032923877945,0.481513882543301,0,5
1838_DIE_ENTFUEHRUNG_noWikiID,2.997974755184656,0.0008115638608198465,6.474886689482934e-05,0.005259604454334878,0.0645339993923284,1,0
1836_DIE_EPIGONEN_noWikiID,6.992763922846461,0.0023047845854174474,0.0005611568464218542,0.0217161037604732,0.175635939901511,4,10
1910_DIE_ERMORDUNG_EINER_BUTTERBLUME_Q1212233,0.0,0.00039894381103915545,0.0,0.0,0.0560723413501725,8,3
1838_DIE_EUROPAMUEDEN_noWikiID,5.992189421665151,0.002111467824112819,0.00196404896247649,0.02311857759497858,0.0221068485323305,4,10
1855_DIE_FAMILIE_noWikiID,1.9943073246930925,0.000657697233932202,3.699935251133105e-05,0.003498779165358946,0.0645339993923284,1,7
1795_DIE_FAMILIE_SELDORF_Q977237,2.9953708035341533,0.0011070910856152607,0.00024049579132365184,0.016698093179527793,0.0237824899093644,10,9
1906_DIE_FAMILIE_WOREL_Q1212318,0.0,0.00039894381103915545,0.0,0.0,0.0560723413501725,2,8
1815_DIE_FERMATE_noWikiID,5.994083338387795,0.003245509962927215,0.0008170690346252273,0.051513516915681026,0.259978377605495,0,5
1848_DIE_FLUSSPIRATEN_DES_MISSISSIPPI_Q1212508,0.0,0.00039894381103915545,0.0,0.0,0.0560723413501725,6,2
1846_DIE_FRAU_PROFESSORIN_noWikiID,0.0,0.00039894381103915545,0.0,0.0,0.0221068485323305,7,12
1889_DIE_FREIHERREN_VON_GEMPERLEIN_noWikiID,1.9983497290438617,0.0006572244222394692,0.00020041315943637652,0.003943463585371277,0.0560723413501725,3,1
1797_DIE_FREUNDE_(LUDWIG_TIECK)_Q1212755,4.993917422150595,0.0034079125272284674,0.0006012394783091295,0.04822010047105751,0.0560723413501725,3,1
1875_DIE_GEIER-WALLY_(ROMAN)_Q1212872,1.9971703460473005,0.0006894827188724671,5.8582308142940827e-05,0.00394038933568427,0.0237824899093644,9,11
1875_DIE_GEIGERIN_Q1212876,0.9996545954057504,0.0005120498562313199,0.0,0.001753779991939913,0.0560723413501725,3,1
1913_DIE_GESCHICHTE_DER_ANNA_WASER_noWikiID,0.0,0.00039894381103915545,0.0,0.0,0.0205467828522686,6,2
1786_DIE_GLUECKLICHE_REISE_noWikiID,7.984954144254737,0.006126291728130098,0.004927080442758918,0.09737444377899394,0.0205467828522686,6,2
1841_DIE_GLUECKSRITTER_noWikiID,0.0,0.00039894381103915545,0.0,0.0,0.0560723413501725,10,9
1903_DIE_GOETTINNEN_ODER_DIE_DREI_ROMANE_DER_HERZOGIN_VON_ASSY_Q1213243,0.999435953583154,0.0005120280207119374,5.241574939105232e-05,0.0017533964097950067,0.0221068485323305,8,3
1885_DIE_GOLDENE_SCHMIEDE_noWikiID,3.9882231045018584,0.0010048960965951617,0.0006937378595874571,0.008096298143877745,0.0205467828522686,4,10
1844_DIE_GUENDERODE_noWikiID,0.9952770403792884,0.0005122065954050422,6.166558751888508e-05,0.0017461000708408568,0.0741722353260478,9,11
1890_DIE_GUTE_SCHULE_noWikiID,0.999436504180242,0.0005122555878753154,1.2333117503777017e-05,0.0017533973757548104,0.0221068485323305,7,12
1904_DIE_HANNA_noWikiID,0.0,0.00039894381103915545,0.0,0.0,0.0205467828522686,5,4
1810_DIE_HEILIGE_CAECILIE_ODER_DIE_GEWALT_DER_MUSIK_Q302229,0.9876102055802553,0.0005440978785707499,3.39160731353868e-05,0.002311786587984497,0.0560723413501725,10,7
1884_DIE_HOCHZEIT_DES_MOENCHS_Q1213463,1.9986390410210637,0.0008701701782260328,3.083279375944254e-05,0.007150624800710133,0.135719851904178,3,1
1846_DIE_HOSEN_DES_HERRN_VON_BREDOW_noWikiID,3.9775448685328088,0.001582241241292763,5.8582308142940827e-05,0.02277311860175511,0.0205467828522686,5,4
1874_DIE_INNERSTE_Q1213605,0.9991826712091442,0.0005120160782790591,5.241574939105232e-05,0.0017529520547528846,0.0691979459011065,6,2
1731_DIE_INSEL_FELSENBURG_Q1664415,5.917771848445052,0.003324880465675824,0.00016649708630098973,0.08215260843970981,0.0799133785582656,10,7
1842_DIE_JUDENBUCHE_Q1213685,6.9930716139554505,0.0018155643733336444,0.000545740449542133,0.014712763570108275,0.481513882543301,7,3
1876_DIE_JUDEN_VON_BARNOW_Q57166842,0.9997276092295764,0.000512081105725231,3.699935251133105e-05,0.0017539080863676778,0.0601640846066759,7,3
1850_DIE_KAESEREI_IN_DER_VEHFREUDE_noWikiID,2.994170679653646,0.0007703797869512697,0.00023124595319581905,0.0052529269926144245,0.0645339993923284,9,11
1859_DIE_KINDER_VON_FINKENRODE_Q1213860,2.99305329102784,0.0009167561264221914,3.699935251133105e-05,0.0070018887550528965,0.0601640846066759,3,1
1909_DIE_KLEINE_STADT_Q1218726,0.0,0.00039894381103915545,0.0,0.0,0.0221068485323305,11,6
1889_DIE_KLUGEN_JUNGFRAUEN_noWikiID,0.757219542861721,0.000532271136107353,0.0002959948200906484,0.0018270951548513957,0.0205467828522686,4,10
1821_DIE_KOENIGSBRAUT_noWikiID,1.9981068005020197,0.0006251020981905008,0.00011716461628588165,0.003505450519933737,0.0560723413501725,1,0
1817_DIE_KRONENWAECHTER_Q1214104,1.996813091999468,0.0007216298060924149,9.249838127832762e-06,0.004671125116389328,0.111487571538697,10,9
1798_DIE_LEHRLINGE_ZU_SAIS_Q1214361,1.9913805259694461,0.001039955643605821,0.00024049579132365184,0.019693863205749066,0.500199736105852,10,7
1774_DIE_LEIDEN_DES_JUNGEN_WERTHERS_Q151883,8.920888422900108,0.0099955254892281,0.0011130638547158758,0.14419868246669618,0.999997205037213,11,6
1871_DIE_LETZTE_RECKENBURGERIN_noWikiID,0.9992649720743658,0.0005120298702731567,4.6249190639163815e-05,0.0017530964422357296,0.0205467828522686,4,10
1863_DIE_LEUTE_AUS_DEM_WALDE_Q1214404,1.9988219836023,0.0009048643599186321,0.00019116332130854376,0.010624074179116197,0.0645339993923284,4,10
1906_DIE_LEUTE_VOM_BLAUEN_GUGUCKHAUS_noWikiID,2.994699847198149,0.0007380665614919453,8.324854315049486e-05,0.005253850992578927,0.0205467828522686,8,3
1856_DIE_LEUTE_VON_SELDWYLA_Q936322,0.0,0.00039894381103915545,0.0,0.0,0.897461864857794,10,9
1702_DIE_LIEBENSWUERDIGE_ADALIE_noWikiID,1.8780658632235396,0.0027887934269398467,6.78321462707736e-05,0.08167546697495602,0.0221068485323305,10,7
1907_DIE_MAEDCHENFEINDE_noWikiID,0.0,0.00039894381103915545,0.0,0.0,0.0560723413501725,3,1
1819_DIE_MAJORATSHERREN_Q1214690,1.9990873832366625,0.0006572055467512722,7.39987050226621e-05,0.003507170630288309,0.0691979459011065,0,5
1865_DIE_MANDANEN-WAISE_noWikiID,0.9988367402748396,0.0005120307869700316,4.0082631887275306e-05,0.0017523451583769116,0.0205467828522686,10,7
1856_DIE_MARZIPANLIESE_Q1214732,0.9883742241318124,0.0005115185591408611,8.324854315049486e-05,0.0017339898668979165,0.0221068485323305,10,7
1817_DIE_MEHREREN_WEHMUELLER_noWikiID,4.993755652950539,0.0017111288503692292,0.00029291154071470416,0.021097236804221636,0.0560723413501725,6,2
1812_DIE_MOLKENKUR_noWikiID,3.99637784681669,0.0011373048875705505,0.00015724724817315697,0.011471724444565908,0.0221068485323305,10,0
1839_DIE_NACHBARN_noWikiID,7.989210798940445,0.003252790176755688,0.00017574692442882248,0.04822720646908321,0.0205467828522686,11,6
1907_DIE_NAECHTE_TINO_VON_BAGDADS_noWikiID,0.0,0.00039894381103915545,0.0,0.0,0.0560723413501725,4,10
1843_DIE_NARRENBURG_Q21328513,4.983455615913953,0.0012940903324608374,0.0008540683871365584,0.009326271716466465,0.0601640846066759,9,9
1853_DIE_NIHILISTEN_noWikiID,1.998583157723751,0.0006892351746252726,0.0001079147781580489,0.004674428512226498,0.0851189742374057,4,10
1906_DIE_PFRUENDER_noWikiID,0.9997622698986706,0.000512048794789106,4.9332470015108066e-05,0.0017539688945590714,0.0741722353260478,8,3
1896_DIE_POGGENPUHLS_Q1215465,0.999672944190729,0.000512038689203959,3.083279375944254e-06,0.0017538121827907526,0.305392408053958,8,3
1885_DIE_RICHTERIN_(NOVELLE)_Q1215781,4.993423011807121,0.0014255772047638351,0.00032682761385009095,0.018306558317727675,0.372234887656701,11,6
1850_DIE_RITTER_VOM_GEISTE_noWikiID,2.9967785628221986,0.0010018212625217196,0.00013874757191749144,0.011918295477628163,0.0975111340573339,3,1
1844_DIE_ROSE_VON_DISENTIS_noWikiID,3.9903055765843263,0.0012388771877149974,0.0006999044183393457,0.011907152637423835,0.0205467828522686,4,10
1875_DIE_SCHRIFTEN_DES_WALDSCHULMEISTERS_Q56071834,0.9995835526704984,0.0005120556913382351,1.2333117503777017e-05,0.0017536553555622778,0.0560723413501725,11,6
1861_DIE_SCHWARZE_GALEERE_noWikiID,3.9970038411769293,0.0013475082813800888,0.0007492368883544537,0.017839834261612845,0.305392408053958,3,1
1842_DIE_SCHWARZE_SPINNE_(NOVELLE)_Q502598,4.976577954612659,0.0015920925002959703,0.0006320722720685721,0.017623916586315593,0.321481356814517,9,11
1819_DIE_SERAPIONSBRUEDER_Q321013,2.997958133010177,0.0009450127520935894,4.0082631887275306e-05,0.015663254536582575,0.235356216581709,0,5
1880_DIE_SOEHNE_DES_SENATORS_Q1216642,0.0,0.00039894381103915545,0.0,0.0,0.0601640846066759,4,8
1874_DIE_STEINKLOPFER_Q1216451,2.998640993944316,0.0007910441859961393,3.083279375944254e-06,0.00573576130756457,0.0560723413501725,7,3
1897_DIE_TOTEN_SCHWEIGEN_Q1216835,1.9958838642587124,0.0006584088716106243,2.7749514383498288e-05,0.003501548186639687,0.0560723413501725,5,4
1811_DIE_VERLOBUNG_IN_ST._DOMINGO_noWikiID,3.979554264681547,0.001137101321526866,0.00048099158264730367,0.010569908785278768,0.274620702296579,10,9
1855_DIE_VERLORENE_HANDSCHRIFT_noWikiID,1.9988228971907274,0.00083865821749379,0.00023124595319581905,0.006609274908896217,0.0601640846066759,3,1
1887_DIE_VERSUCHUNG_DES_PESCARA_Q1217221,1.9990832221166563,0.0008447454962325999,0.00020657971818826502,0.007480278061659118,0.372234887656701,3,1
1912_DIE_VERWANDLUNG_Q184222,0.0,0.00039894381103915545,0.0,0.0,0.289764790109877,0,5
1906_DIE_VERWIRRUNGEN_DES_ZOEGLINGS_TOERLESS_Q1112285,0.0,0.00039894381103915545,0.0,0.0,0.305392408053958,3,1
1889_DIE_WAFFEN_NIEDER_Q212687,0.998524210723478,0.0005120285127034698,6.474886689482934e-05,0.0017517968609183827,0.0205467828522686,4,10
1809_DIE_WAHLVERWANDTSCHAFTEN_Q951198,4.99511745340449,0.0014545766147179605,0.00031141121697036967,0.020890667908078774,0.33800545810469,4,10
1852_DIE_WASSERNOT_IM_EMMENTAL_noWikiID,0.0,0.00039894381103915545,0.0,0.0,0.0560723413501725,6,2
1904_DIE_WEISE_VON_LIEBE_UND_TOD_DES_CORNETS_CHRISTOPH_RILKE_Q18209936,0.0,0.00039894381103915545,0.0,0.0,0.0560723413501725,5,4
1822_DIE_WIEDERTAEUFER_noWikiID,6.9927453730045706,0.0016942588370128446,0.00019116332130854376,0.016359914838477336,0.0205467828522686,2,8
1905_DIE_WISKOTTENS_noWikiID,0.0,0.00039894381103915545,0.0,0.0,0.0560723413501725,11,4
1808_DIE_ZAUBEREI_IM_HERBSTE_Q1217663,5.98919988326786,0.0016986686568514278,0.00036691024573736624,0.02418735788471442,0.0645339993923284,2,0
1874_DIE_ZWEITE_FRAU_noWikiID,1.9986817391082359,0.0006662214781174244,1.541639687972127e-05,0.00400532669307381,0.0205467828522686,1,0
1866_DIE_ZWOELF_APOSTEL_noWikiID,0.9985466989521172,0.0005119789108974299,1.541639687972127e-05,0.0017518363139510827,0.0205467828522686,1,0
1866_DON_JUAN_VON_KOLOMEA_noWikiID,1.9797986737597346,0.0007306352997076519,1.8499676255665524e-05,0.003915903579829522,0.0560723413501725,5,4
1879_DORFGAENGE_noWikiID,0.9979427190778528,0.000512036974797247,1.541639687972127e-05,0.001750776700136584,0.0560723413501725,9,11
1872_DRAUSSEN_IM_HEIDEDORF_Q84314019,2.9969889220660852,0.0009165983245946433,0.0002158295563160978,0.007007057049653452,0.0691979459011065,2,8
1865_DREI_FEDERN_Q1256990,1.9987743987660354,0.0006892252647361997,3.083279375944254e-06,0.003944975528418102,0.0560723413501725,1,0
1786_DSCHINNISTAN_Q1262121,5.993244270105832,0.003029504134721309,0.0006721549039558474,0.06970501565238814,0.0645339993923284,10,9
1775_EDUARD_ALLWILLS_PAPIEREN_noWikiID,9.967178786588812,0.014115914872732768,0.0007307372120987883,0.1958475388556616,0.0205467828522686,2,8
1879_EEKENHOF_noWikiID,0.0,0.00039894381103915545,0.0,0.0,0.0691979459011065,2,8
1895_EFFI_BRIEST_Q1296168,0.9995009068071506,0.0005120212509527637,6.166558751888508e-06,0.0017535103628195628,0.848215508034503,11,6
1835_EIGENSINN_UND_LAUNE_noWikiID,4.997430152096406,0.0012635618957486947,0.0003360774519779237,0.009351826933445807,0.0601640846066759,6,2
1864_EINE_AEGYPTISCHE_KOENIGSTOCHTER_noWikiID,4.994881331471674,0.0013860365440202778,0.0008139857552492831,0.012119011020791753,0.0205467828522686,4,10
1898_EINE_AUSSCHWEIFUNG_noWikiID,0.0,0.00039894381103915545,0.0,0.0,0.0645339993923284,3,1
1868_EINE_GESCHICHTE_AUS_DEM_BREGENZERWALDE_noWikiID,0.0,0.00039894381103915545,0.0,0.0,0.0560723413501725,6,2
1867_EINE_MALERARBEIT_noWikiID,3.997053747699848,0.0011029256710490755,0.00017574692442882248,0.009461980780203742,0.0601640846066759,2,8
1899_EINE_STUNDE_HINTER_MITTERNACHT_Q1306645,0.0,0.00039894381103915545,0.0,0.0,0.0560723413501725,3,1
1896_EIN_ABSCHIED_Q1304285,0.0,0.00039894381103915545,0.0,0.0,0.0560723413501725,5,4
1887_EIN_BEKENNTNIS_noWikiID,0.9991133776059092,0.0005120347300359864,9.249838127832762e-06,0.0017528304870279112,0.0560723413501725,11,6
1902_EIN_BRIEF_(HOFMANNSTHAL)_Q1304342,0.0,0.00039894381103915545,0.0,0.0,0.144732511897424,10,7
1887_EIN_DOPPELGAENGER_Q19188654,0.9994807176395476,0.0005120763097234569,1.2333117503777017e-05,0.0017534749432272765,0.321481356814517,11,6
1885_EIN_FEST_AUF_HADERSLEVHUUS_noWikiID,0.9983601116675124,0.0005440450588180441,9.249838127832762e-06,0.0023362184039412343,0.0645339993923284,11,6
1850_EIN_GRUENES_BLATT_Q111150981,6.986084751668862,0.0019797007362017277,0.00029907809946659266,0.0212310180850087,0.0560723413501725,11,6
1882_EIN_KAMPF_UMS_RECHT_Q95606786,0.0,0.00039894381103915545,0.0,0.0,0.0560723413501725,7,3
1876_EIN_KAMPF_UM_ROM_Q636812,4.994963468941458,0.0020684988601304016,0.0005056578176548576,0.01972955245477486,0.0367536016133564,8,3
1882_EIN_WORT_noWikiID,1.9970500775749611,0.0006251586778716867,6.474886689482934e-05,0.0035035966269973766,0.0205467828522686,11,6
1855_EKKEHARD_noWikiID,1.9980049595225888,0.0006250861458354526,8.016526377455061e-05,0.0035052712487487047,0.0275134422375932,2,8
1910_ELEAGABAL_KUPERUS_noWikiID,0.0,0.00039894381103915545,0.0,0.0,0.0205467828522686,8,3
1795_ELISA_ODER_DAS_WEIB_WIE_ES_SEYN_SOLLTE_noWikiID,1.9837805553815488,0.0009075660791690803,0.00012024789566182592,0.014588872413293836,0.0205467828522686,8,3
1900_ELLEN_VON_DER_WEIDEN_noWikiID,0.9991661877338422,0.0005120724374473497,0.0,0.001752923136375162,0.0221068485323305,11,6
1881_ELLERNKLIPP_Q1332021,1.9980292460322264,0.0006893003386894512,4.0082631887275306e-05,0.003942617069333234,0.0645339993923284,5,4
1865_ELSE_VON_DER_TANNE_Q1333755,0.0,0.00039894381103915545,0.0,0.0,0.0645339993923284,6,2
1843_ELSI_DIE_SELTSAME_MAGD_Q1333830,4.98169213328742,0.0015093740276858076,0.00032066105509820245,0.016817954776582614,0.305392408053958,9,11
1893_ERINNERUNGEN_VON_LUDOLF_URSLEU_noWikiID,0.0,0.00039894381103915545,0.0,0.0,0.0560723413501725,10,9
1903_ESCH_ODER_DIE_ANARCHIE_noWikiID,0.0,0.00039894381103915545,0.0,0.0,0.0601640846066759,0,5
1836_EVREMONT_noWikiID,1.997328908533706,0.0006250911323146223,6.78321462707736e-05,0.0035040857554778293,0.0205467828522686,10,9
1791_FAUSTS_LEBEN_THATEN_UND_HOELLENFAHRT_Q1368395,11.989276811107727,0.004934779502942775,0.0009835661209262171,0.07133052269178476,0.274620702296579,6,2
1882_FELICITAS_noWikiID,5.995769032650978,0.0016900945731867013,0.0007029876977152899,0.01582933563293594,0.0237824899093644,8,3
1804_FLEGELJAHRE_Q1299976,8.989249619269208,0.002775635686593676,0.001637221348626399,0.04649255270534487,0.289764790109877,1,0
1836_FLORENTINISCHE_NAECHTE_noWikiID,2.9833647481306493,0.0008432103851038165,0.00010483149878210463,0.006234528962529235,0.259978377605495,1,0
1801_FLORENTIN_noWikiID,5.991596215117657,0.0020926895080372776,0.0008479018283846699,0.026729466093830208,0.291000461924749,7,12
1845_FRAGMENT_EINES_ROMANS_noWikiID,0.9987737810269685,0.0005120011686351925,0.0001079147781580489,0.001752234703556085,0.0560723413501725,10,9
1798_FRANZ_STERNBALDS_WANDERUNGEN_Q1449176,7.976975271847756,0.0032171428705975555,0.0012209786328739247,0.05414453699178357,0.725697489186951,6,2
1913_FRAU_BEATE_UND_IHR_SOHN_Q1451452,0.0,0.00039894381103915545,0.0,0.0,0.0741722353260478,7,3
1901_FRAU_BERTHA_GARLAN_Q1451457,0.0,0.00039894381103915545,0.0,0.0,0.259978377605495,5,4
1892_FRAU_JENNY_TREIBEL_Q351933,1.998716928549214,0.0006251510694911326,0.00010483149878210463,0.003506520912919546,0.481513882543301,3,1
1887_FRAU_SORGE_noWikiID,1.9982712289442026,0.0006251429983408517,1.2333117503777017e-05,0.003505736630616838,0.0205467828522686,11,6
1817_FRAU_VON_SAVERNE_noWikiID,1.9975317354695448,0.0008987631866236611,0.0004378256713840841,0.010902043221840931,0.0560723413501725,0,5
1900_FREIGEBOREN_noWikiID,0.0,0.00039894381103915545,0.0,0.0,0.0205467828522686,2,8
1909_FREIHEIT_DIE_ICH_MEINE_noWikiID,0.9997279647728546,0.0005120348879056689,2.158295563160978e-05,0.001753908710127815,0.0221068485323305,3,1
1775_FREUDEN_DES_JUNGEN_WERTHERS_Q1455757,9.980339213234297,0.00852793559847316,0.0016958036567693397,0.13852248125127328,0.0221068485323305,11,6
1897_FRIDOLIN_UND_SEIN_GLUECK_noWikiID,0.0,0.00039894381103915545,0.0,0.0,0.0560723413501725,7,3
1896_FRUEHLING_noWikiID,0.0,0.00039894381103915545,0.0,0.0,0.0741722353260478,11,4
1819_GABRIELE_noWikiID,5.995962178588422,0.0013201429239546448,0.00035457712823358924,0.011219943179912132,0.0205467828522686,1,0
1788_GEHEIME_GESCHICHTE_DES_PHILOSOPHEN_PEREGRINUS_PROTEUS_noWikiID,5.990934259776045,0.0016933801963510114,0.00012024789566182592,0.014285474706513392,0.0601640846066759,10,7
1843_GELD_UND_GEIST_noWikiID,0.0,0.00039894381103915545,0.0,0.0,0.0645339993923284,9,11
1889_GESCHICHTEN_AUS_DEN_TIROLER_BERGEN_noWikiID,0.9993083522335516,0.0005120231524448815,1.2333117503777017e-05,0.0017531725477781608,0.0205467828522686,4,10
1766_GESCHICHTE_DES_AGATHON_Q1517277,7.926015760916619,0.002605535704262738,0.0002343292325717633,0.02294923166475416,0.948685656615469,10,7
1771_GESCHICHTE_DES_FRAEULEINS_VON_STERNHEIM_Q1517346,11.947292575316567,0.020558436001851317,0.0011593130453550395,0.19710878309579888,0.322790810707987,2,8
1798_GESCHICHTE_EINES_DEUTSCHEN_DER_NEUSTEN_ZEIT_noWikiID,7.98347506537812,0.003977025477244604,0.0005303240526624117,0.06221630522720626,0.0560723413501725,7,12
1891_GESCHICHTE_EINES_WIENERKINDES_noWikiID,2.9978404910633336,0.0007702860928827597,4.316591126321956e-05,0.0052593686148376066,0.0560723413501725,4,10
1815_GESCHICHTE_VOM_BRAVEN_KASPERL_UND_DEM_SCHOENEN_ANNERL_Q1517619,5.966766268798759,0.001862898378350397,0.0006104893164369623,0.019877012024279148,0.389868771519071,9,11
1810_GESCHICHTE_VOM_GALGENMAENNLEIN_noWikiID,3.99220010421607,0.0011506797214397885,0.0014491413066937994,0.015872454576364003,0.0560723413501725,2,0
1907_GESCHWISTER_TANNER_Q1510146,0.0,0.00039894381103915545,0.0,0.0,0.0691979459011065,7,12
1852_GESPRAECHE_MIT_DAEMONEN_noWikiID,0.9982143612910114,0.0005531951489610384,0.0002898282613387599,0.0026280213978512193,0.0601640846066759,0,5
1890_GIB_MICH_FREI_noWikiID,1.9978374490994923,0.0006753069097305009,4.6249190639163815e-05,0.004382461805963093,0.0205467828522686,11,6
1837_GOCKEL_HINKEL_UND_GACKELEIA_Q1478745,3.9925543941587387,0.001364739382068313,0.0009126506952794992,0.013171196308082906,0.0741722353260478,6,2
1801_GODWI_Q1533941,6.971746936988449,0.0026464720552642454,0.0007769864027379521,0.018273247492227647,0.164245491888855,9,11
1867_GOLDELSE_(MARLITT)_Q93955765,1.998507123745152,0.0006571690576313745,3.39160731353868e-05,0.003944449802599925,0.0255818179471078,4,5
1760_GRANDISON_DER_ZWEYTE_noWikiID,17.860704732799046,0.034427439528405455,0.0022230444300558073,0.2898819444169132,0.0560723413501725,2,8
1880_GRETE_MINDE_noWikiID,4.991338728643191,0.001166832167185129,9.249838127832763e-05,0.008321611885737873,0.289764790109877,5,4
1912_GRILLPARZERS_LIEBESROMAN_noWikiID,0.0,0.00039894381103915545,0.0,0.0,0.0205467828522686,3,1
1783_GROENLAENDISCHE_PROZESSE_noWikiID,5.989107235952698,0.0017642977267216444,0.0002528289088274288,0.021790874713896593,0.0601640846066759,1,0
1689_GROSZMUETHIGER_FELDHERR_ARMINIUS_noWikiID,3.756438909589287,0.025697877763093457,0.0,0.2387987731248249,0.0205467828522686,10,7
1890_GUTMANNS_REISEN_Q1557236,0.0,0.00039894381103915545,0.0,0.0,0.0560723413501725,0,5
1899_HALBTIER_noWikiID,2.994687172832953,0.0008344076463782714,7.39987050226621e-05,0.006253382499658839,0.0205467828522686,11,6
1869_HAMMER_UND_AMBOSS_noWikiID,0.0,0.00039894381103915545,0.0,0.0,0.0221068485323305,6,2
1881_HANS_UND_HEINZ_KIRCH_Q1489200,0.9997661737686848,0.0005120723626621242,2.4666235007554033e-05,0.0017539757434538333,0.389868771519071,2,8
1898_HASTENBECK_noWikiID,0.0,0.00039894381103915545,0.0,0.0,0.0560723413501725,1,0
1880_HEIDI_(ROMAN)_Q271697,0.0,0.00039894381103915545,0.0,0.0,0.0205467828522686,9,11
1777_HEINRICH_JUNG_STILLINGS_JUGEND_noWikiID,13.958703656700935,0.003977868950029933,0.0011007307372120987,0.06400834499970842,0.0205467828522686,11,6
1802_HEINRICH_VON_OFTERDINGEN_Q58178849,6.992180807230504,0.004742576839969733,0.0004594086270156939,0.05162173196646475,0.921899833474736,3,1
1857_HEITERETEI_noWikiID,6.973374654695228,0.0023576296596215405,0.00020966299756420927,0.02361362508607388,0.0560723413501725,5,4
1788_HERMANN_VON_UNNA_noWikiID,13.981829747711691,0.0093930737837943,0.0033176086085160176,0.10680975824383389,0.0205467828522686,6,2
1780_HERRMANN_UND_ULRIKE_noWikiID,11.978074186647447,0.01103282205876007,0.0006844880214596245,0.15197585244983255,0.0691979459011065,2,8
1913_HERRN_DAMES_AUFZEICHNUNGEN_noWikiID,0.0,0.00039894381103915545,0.0,0.0,0.0275134422375932,6,2
1801_HERR_LORENZ_STARK_noWikiID,4.994732375337924,0.0017045410363913886,0.00010174821940616038,0.028661681109975114,0.0221068485323305,11,6
1795_HESPERUS_ODER_45_HUNDPOSTTAGE_Q1527881,3.9956613449684504,0.0013049111110224653,0.00031141121697036967,0.016751520522201496,0.0975111340573339,10,9
1879_HOEXTER_UND_CORVEY_Q1649221,0.9992982761166064,0.0005120435771489469,3.083279375944254e-06,0.001753154870380011,0.259978377605495,2,8
1826_HOLLAENDISCHE_LIEBHABEREIEN_noWikiID,2.995188978287679,0.0008023221089849572,7.091542564671784e-05,0.005605514260720533,0.0601640846066759,10,9
1802_HOLLINS_LIEBELEBEN_Q1624844,7.990117581672074,0.003985488639182342,0.0017667190824160576,0.07171914454068423,0.0560723413501725,1,0
1878_HOMO_SUM_noWikiID,0.0,0.00039894381103915545,0.0,0.0,0.0205467828522686,7,12
1845_HUMORISTISCHEN_SKIZZEN_AUS_DEM_DEUTSCHEN_HANDELSLEBEN_noWikiID,3.9895128738095416,0.0009976639934661641,0.0009157339746554434,0.007286893913557663,0.0601640846066759,3,1
1797_HYPERION_(HOELDERLIN)_Q1190094,10.957278700660753,0.005168583342237299,0.0006721549039558474,0.03973189446470594,0.628138424466113,5,4
1850_IMMENSEE_noWikiID,0.9991810261082464,0.0005120463814164664,3.699935251133105e-05,0.0017529491686109585,0.462879594039226,11,6
1887_IM_ALTEN_EISEN_Q1474111,2.998714899095793,0.0008114869419198645,7.091542564671784e-05,0.005611105789122044,0.0601640846066759,6,2
1877_IM_HAUSE_DES_KOMMERZIENRATES_noWikiID,0.9980520682236614,0.0005439879854452238,9.249838127832763e-05,0.0023346661718093597,0.0205467828522686,1,0
1875_IM_NACHBARHAUSE_LINKS_noWikiID,0.999459923929263,0.0005762254949798311,2.7749514383498288e-05,0.0031559333045118715,0.0601640846066759,2,8
1910_IM_REICHE_DER_HOMUNKULIDEN_noWikiID,0.0,0.00039894381103915545,0.0,0.0,0.0205467828522686,3,1
1900_IM_SCHLARAFFENLAND_Q1285424,0.9992446031242748,0.000512063727204744,6.166558751888508e-06,0.00175306070723557,0.0221068485323305,3,1
1866_IM_SIESGESKRANZE_noWikiID,0.0,0.00039894381103915545,0.0,0.0,0.0560723413501725,10,9
1865_INNOCENS_Q1664115,1.9996482567783644,0.0006572325506815611,0.0002343292325717633,0.003508154834874658,0.0560723413501725,2,8
1868_IN_ST._JUERGEN_Q105232019,3.997809144770123,0.001176994772148146,0.0006999044183393457,0.008588794708079639,0.0601640846066759,2,8
1888_IRRUNGEN_WIRRUNGEN_Q669599,0.9991232024348956,0.0005440541665571789,9.249838127832762e-06,0.002337424730222535,0.305392408053958,11,6
1812_ISABELLA_VON_AEGYPTEN_Q35783041,1.995170658086411,0.0007167352550640992,5.241574939105232e-05,0.0043795529018382994,0.274620702296579,10,9
1854_ISEGRIMM_noWikiID,5.99535245446728,0.0017745022208455843,0.00031141121697036967,0.017387821288506262,0.0205467828522686,8,3
1846_JAKOBS_DES_HANDWERKSGESELLEN_WANDERUNGEN_DURCH_DIE_SCHWEIZ_noWikiID,0.0,0.00039894381103915545,0.0,0.0,0.0560723413501725,9,9
1888_JAKOB_DER_LETZTE_Q15507850,0.0,0.00039894381103915545,0.0,0.0,0.0645339993923284,11,6
1909_JAKOB_VON_GUNTEN_Q1679462,0.0,0.00039894381103915545,0.0,0.0,0.0691979459011065,11,4
1843_JENNY_noWikiID,4.995931668821021,0.0012427179606876583,0.00017574692442882248,0.010976630080895836,0.0237824899093644,6,2
1862_JUDITH_DIE_KLUSWIRTIN_noWikiID,1.9976256594035458,0.0006662679155791019,0.00014491413066937994,0.004004881319832762,0.110370305679579,3,1
1876_JUERG_JENATSCH_Q1411041,2.998163763685816,0.0008025552724082694,8.016526377455061e-05,0.005259935185176047,0.518885031764307,1,0
1784_JULCHEN_GRUENTHAL_noWikiID,10.767126799252143,0.005479440288016792,0.0010606481053248235,0.08849405439583792,0.0205467828522686,2,8
1892_JUNGFER_MUTTER_noWikiID,0.0,0.00039894381103915545,0.0,0.0,0.0560723413501725,9,11
1897_KINDER_DER_EIFEL_Q111345448,1.998530429539235,0.000753809449587819,5.241574939105232e-05,0.004870311521662889,0.0560723413501725,11,6
1873_KINDER_DER_WELT_noWikiID,0.9996615057944992,0.0005120537268507469,9.558166065427188e-05,0.001753792115428946,0.0560723413501725,2,8
1874_KLEIDER_MACHEN_LEUTE_Q1746163,0.9990745839807866,0.0005120155899113312,6.166558751888508e-06,0.001752762428036468,0.321481356814517,1,0
1819_KLEIN_ZACHES_GENANNT_noWikiID,2.992156558543967,0.0012676832064346176,0.0008756513427681682,0.010898267694497882,0.259978377605495,0,5
1883_KRAMBAMBULI_(ERZAEHLUNG)_Q1385007,1.9987448945018835,0.0006571744618821371,0.00016033052754910122,0.0035065698569216462,0.0560723413501725,6,2
1814_KREISLERIANA_noWikiID,2.996693603424325,0.0008113989716064343,0.00017266364505287823,0.006305975701612722,0.321481356814517,10,7
1884_KRIMINAL-HUMORESKEN_noWikiID,0.0,0.00039894381103915545,0.0,0.0,0.0221068485323305,1,0
1866_KUSS_VON_SENTZE_noWikiID,3.9793271432209227,0.00137392301703521,0.00017266364505287823,0.014131937272018434,0.0560723413501725,5,4
1882_L'ADULTERA_Q1744488,0.9973306162209842,0.0005439843501331718,0.00012949773378965868,0.002332611602097944,0.462879594039226,11,4
1855_L'ARRABIATA_noWikiID,0.0,0.00039894381103915545,0.0,0.0,0.0601640846066759,5,4
1846_LA_SIBYLLE_noWikiID,2.9963139151453135,0.0008663314983958331,0.00020041315943637652,0.006258763397618773,0.0205467828522686,2,8
1820_LEBENS-ANSICHTEN_DES_KATERS_MURR_Q1314475,0.0,0.00039894381103915545,0.0,0.0,0.425970768854918,0,5
1789_LEBENSGESCHICHTE_UND_NATUERLICHE_ABENTHEUER_DES_ARMEN_MANNES_IN_TOCKENBURG_noWikiID,1.9987828222008643,0.0009930670683478812,0.00010483149878210463,0.0065994716559693856,0.0560723413501725,2,8
1747_LEBEN_DER_SCHWEDISCHEN_GRAEFIN_VON_G_noWikiID,17.628008435885494,0.03397552801973552,0.0012548947060093114,0.26416599553221437,0.184109855669026,11,6
1796_LEBEN_DES_QUINTUS_FIXLEIN_Q1810877,3.997509391748117,0.0011057367711694512,8.016526377455061e-05,0.008408328953941642,0.259978377605495,10,7
1790_LEBEN_DES_VERGNUEGTEN_SCHULMEISTERLEIN_MARIA_WUTZ_IN_AUENTHAL_Q1810880,0.9980411013066663,0.0006561261698295293,2.158295563160978e-05,0.005337087222518557,0.274620702296579,10,7
1848_LEBEN_UND_TATEN_DES_BERUEHMTEN_RITTERS_SCHNAPPHAHNSKI_Q15825464,0.0,0.00039894381103915545,0.0,0.0,0.0691979459011065,0,5
1826_LEDWINA_noWikiID,2.9969485772217546,0.0009053634984734781,0.0001140813369099374,0.008012265140694726,0.0560723413501725,6,2
1896_LEIB_WEIHNACHTSKUCHEN_UND_SEIN_KIND_noWikiID,0.0,0.00039894381103915545,0.0,0.0,0.0560723413501725,11,4
1838_LEIDEN_UND_FREUDEN_EINES_SCHULMEISTERS_noWikiID,1.9965815941894998,0.0008824346416876561,0.00034532729010575646,0.009854973450951534,0.0560723413501725,7,12
1839_LENZ_(BUECHNER)_Q353180,0.9981631684410642,0.0011624287784036376,0.0,0.021755588394283817,0.916343123471815,5,4
1900_LEUTNANT_GUSTL_Q1821658,0.9937334625812636,0.000511937404534591,6.78321462707736e-05,0.001743392039616252,0.462879594039226,5,4
1848_LIBERTAS_UND_IHRE_FREIER_noWikiID,0.999595273521714,0.0005120373189615533,9.249838127832762e-06,0.0017536759184591476,0.0645339993923284,1,0
1826_LICHTENSTEIN_noWikiID,5.991086870427823,0.0014199316593623075,0.0015940554373631793,0.015767499377768494,0.274620702296579,6,2
1812_LIEBESZAUBER_noWikiID,6.993536430085907,0.003654399152218766,0.001202478956618259,0.051379588872189165,0.0601640846066759,0,5
1912_LIED_DER_PARZEN_noWikiID,0.0,0.00039894381103915545,0.0,0.0,0.0205467828522686,11,4
1779_LIENHARD_UND_GERTRUD_Q1824235,5.967756297471114,0.0036076221176692827,0.0004840748620232479,0.033309451564924625,0.0205467828522686,5,4
1907_LOLA_noWikiID,0.0,0.00039894381103915545,0.0,0.0,0.0560723413501725,7,12
1874_LOTTI_DIE_UHRMACHERIN_noWikiID,2.997804949403113,0.0015500629850606039,0.0008694847840162796,0.01947714566361323,0.274620702296579,3,1
1799_LUCINDE_Q1873464,4.994326616786913,0.0013420232014088557,0.0006043227576850738,0.012619390689983313,0.646802287618677,6,2
1848_LYDIA_noWikiID,12.98798743123425,0.0034994126355542845,0.0006721549039558474,0.036209114097942766,0.0221068485323305,3,1
1835_MADONNA_noWikiID,2.9731924057961843,0.00098184050154455,0.0008941510190238337,0.009533526668504327,0.0255818179471078,0,5
1908_MAERCHEN_DES_LEBENS_noWikiID,1.9953190751755083,0.0006251720813174831,0.0002158295563160978,0.003500559727293091,0.0560723413501725,3,1
1836_MALER_NOLTEN_Q1752673,0.999740679163468,0.000544322303449695,9.249838127832762e-06,0.0023355453771394426,0.0741722353260478,1,0
1784_MARIA_noWikiID,7.984262507897796,0.003542930270597979,0.001516973452964573,0.059178196872954884,0.0394945910733656,7,3
1855_MARION_noWikiID,0.9974919733577766,0.0005442008684403795,0.0001880800419325995,0.0023349055312020363,0.0560723413501725,6,2
1808_MARQUISE_VON_O_noWikiID,5.988709291317505,0.0017414063445690435,0.0006536552277001819,0.018556257405900358,0.259978377605495,7,12
1886_MARTIN_SALANDER_Q1904882,0.0,0.00039894381103915545,0.0,0.0,0.0975111340573339,0,5
1893_MEINE_KINDERJAHRE_Q1918015,0.0,0.00039894381103915545,0.0,0.0,0.0601640846066759,1,0
1912_MEIN_HERZ_(ROMAN)_Q20827330,0.0,0.00039894381103915545,0.0,0.0,0.0601640846066759,7,3
1873_MEISTER_AUTOR_ODER_DIE_GESCHICHTEN_VOM_VERSUNKENEN_GARTEN_Q1452385,2.9985626555520826,0.0008963109927906042,0.00016958036567693398,0.006312646307119989,0.0601640846066759,6,2
1822_MEISTER_FLOH_Q837936,0.0,0.00039894381103915545,0.0,0.0,0.33800545810469,0,5
1818_MEISTER_MARTIN_DER_KUEFNER_UND_SEINE_GESELLEN_Q1918300,2.9964828447606173,0.0009976650681472713,0.00020966299756420927,0.011237423301735775,0.0794735706665683,6,2
1888_MEISTER_TIMPE_noWikiID,0.0,0.00039894381103915545,0.0,0.0,0.0455753535426939,2,8
1810_MICHAEL_KOHLHAAS_Q279676,2.977401711264599,0.0007714228069546053,8.941510190238337e-05,0.005223449115188008,0.354934606197489,10,7
1834_MODERNE_LEBENSWIRREN_noWikiID,3.992887721632526,0.0010529911904414023,0.0007584867264822865,0.010294565268867139,0.0221068485323305,4,10
1782_MORALISCHEN_ERZAEHLUNGEN_noWikiID,8.983071143885148,0.006496507127934574,0.0007954860789936176,0.0906285661762263,0.0205467828522686,6,2
1855_MOZART_AUF_DER_REISE_NACH_PRAG_Q1951309,0.9958656270785632,0.0005120358342868192,2.158295563160978e-05,0.0017471326790851986,0.305392408053958,1,0
1838_MUENCHHAUSEN_noWikiID,1.9989448895538786,0.0007304408223470184,3.39160731353868e-05,0.005738465926839255,0.0237824899093644,0,5
1817_NACHTSTUECKE_Q15836200,3.9962172011300066,0.0016508531511817731,0.0004378256713840841,0.020865486672111536,0.537517652776424,0,5
1804_NACHTWACHEN_Q1962904,2.9980755628276823,0.0009796560202109325,6.166558751888508e-05,0.010102712349465217,0.557525892938665,10,9
1861_NACH_DEM_GROSSEN_KRIEGE_Q1269839,0.9998502049032524,0.0005648520738360597,2.4666235007554033e-05,0.0031165332102292814,0.0560723413501725,7,3
1913_NESTHAEKCHEN_(KINDERBUCHREIHE)_Q1747891,0.0,0.00039894381103915545,0.0,0.0,0.0205467828522686,3,1
1855_NEUE_GESCHICHTEN_AUS_DEM_GHETTO_noWikiID,2.9974852518855837,0.0009363848028326551,8.324854315049486e-05,0.013807754411110639,0.0205467828522686,11,6
1772_NEUE_IDYLLEN_noWikiID,5.9491006272673665,0.006565408190116888,0.00048099158264730367,0.12203934151629907,0.0205467828522686,11,4
1892_NINON_noWikiID,0.0,0.00039894381103915545,0.0,0.0,0.0601640846066759,4,10
1877_NOVELLEN_AUS_OESTERREICH_noWikiID,1.9985147403289394,0.0006251965214322717,2.4666235007554033e-05,0.0035061660987797828,0.104292668680321,2,8
1888_OHNE_LIEBE_Q106687147,1.9921882556840296,0.0007101829611188069,9.866494003021613e-05,0.0048409527424987464,0.0601640846066759,11,4
1856_PANKRAZ_DER_SCHMOLLER_Q2049588,0.0,0.00039894381103915545,0.0,0.0,0.305392408053958,10,7
1889_PAPA_HAMLET_Q2050484,0.9767779342889396,0.0005127324957163244,7.091542564671784e-05,0.0017136454987525258,0.464370821315899,8,3
1913_PARALYSE_noWikiID,0.0,0.00039894381103915545,0.0,0.0,0.0560723413501725,10,9
1904_PETER_CAMENZIND_Q576493,0.0,0.00039894381103915545,0.0,0.0,0.0601640846066759,6,2
1814_PETER_SCHLEMIHLS_WUNDERSAME_GESCHICHTE_Q1093419,6.987654113502447,0.0020695542247810153,0.000897234298399778,0.02241657249379336,0.305392408053958,7,12
1884_PFISTERS_MUEHLE_Q1373296,0.9986623195046066,0.0005440940241276664,1.2333117503777017e-05,0.0023370138055185752,0.500199736105852,1,0
1889_PFLUG_UND_SCHRAUBSTOCK_noWikiID,2.998316315722012,0.000875627229643141,0.0002620787469552616,0.0056110995271485605,0.0205467828522686,4,10
1881_PLAUTUS_IM_NONNENKLOSTER_Q1772718,0.9981052307859632,0.0005119412445976032,0.0001079147781580489,0.0017510618083964268,0.0645339993923284,1,0
1874_POLE_POPPENSPAELER_Q1760267,3.99320306574783,0.0009153292404410184,0.00036074368698547774,0.007300045020451502,0.321481356814517,2,8
1846_POLIZEIGESCHICHTEN_noWikiID,0.9997377312711344,0.0005120865040401783,9.249838127832762e-06,0.0017539258443353238,0.0205467828522686,0,5
1886_POLNISCHE_GHETTO-GESCHICHTEN_noWikiID,0.999011489596545,0.0005440750419102014,0.00019424660068448801,0.0023370345689487804,0.0560723413501725,3,1
1820_PRINZESSIN_BRAMBILLA_Q570890,2.9968066003393634,0.001128642367723991,0.00015108068942126844,0.01814770343563471,0.33800545810469,0,5
1882_PRINZESSIN_FISCH_Q2110713,0.0,0.00039894381103915545,0.0,0.0,0.0601640846066759,1,0
1904_PROFESSOR_UNRAT_Q457481,0.9995549736832696,0.000512038937680795,4.6249190639163815e-05,0.001753605216988192,0.0221068485323305,8,3
1848_PROKOPUS_Q23689421,2.996115878882906,0.0008965895549202776,0.00025899546757931737,0.005472337642706069,0.0560723413501725,9,9
1875_PSYCHE_noWikiID,0.0,0.00039894381103915545,0.0,0.0,0.0560723413501725,11,6
1890_QUITT_(FONTANE)_Q1589389,0.99986775976866,0.0005120914935019801,0.0001356642925415472,0.0017541539645064212,0.0794735706665683,7,12
1869_REICHSGRAEFIN_GISELA_noWikiID,3.995853446906932,0.0011057620790355792,0.00032682761385009095,0.008589301036423823,0.0221068485323305,1,0
1868_REICH_UND_ARM_noWikiID,0.0,0.00039894381103915545,0.0,0.0,0.0560723413501725,6,2
1834_REISENOVELLEN_noWikiID,2.9896685696437126,0.0011002254048229363,0.0001479974100453242,0.010310587213909605,0.0601640846066759,0,5
1792_REISE_NACH_BRAUNSCHWEIG_noWikiID,7.981535980419869,0.003782657042120935,0.0015262232910924058,0.055964484449721616,0.0560723413501725,1,0
1899_REITERGESCHICHTE_Q2142105,0.0,0.00039894381103915545,0.0,0.0,0.321481356814517,10,7
1878_RENATE_noWikiID,0.0,0.00039894381103915545,0.0,0.0,0.0601640846066759,6,2
1897_REQUIEM_DER_LIEBE_noWikiID,1.9983399127020802,0.000657166613029098,0.00021274627694015355,0.0035058592690565323,0.0691979459011065,7,3
1849_REVOLUTION_UND_CONTREREVOLUTION_noWikiID,6.995884668489008,0.0017154123683782558,0.00020966299756420927,0.016879548820413464,0.0221068485323305,3,1
1799_RINALDO_RINALDINI_noWikiID,6.980803959069511,0.001968139500593534,0.00037924336324114325,0.021741436449941552,0.0255818179471078,11,4
1896_RITTMEISTER_BRAND_noWikiID,2.9979656794751466,0.0009990174763121978,0.0002466623500755403,0.00887447458585148,0.0645339993923284,8,3
1779_ROBINSON_DER_JUENGERE_Q42195141,3.9884196253197013,0.00227804664557246,0.0011346468103474855,0.04981848712170914,0.274620702296579,2,8
1898_ROMAN_AUS_DER_DECADENCE_noWikiID,0.9994862868278862,0.0005120402343939664,4.316591126321956e-05,0.0017534847137331338,0.0205467828522686,4,10
1914_ROSSHALDE_Q2171354,0.0,0.00039894381103915545,0.0,0.0,0.0560723413501725,11,6
1852_RUHE_IST_DIE_ERSTE_BUERGERPFLICHT_noWikiID,2.986916497499532,0.0012848805998144325,0.0003083279375944254,0.018416033517619623,0.0237824899093644,8,3
1792_RYNO_Q2178262,10.97674713151552,0.004026285962632713,0.0009743162827983843,0.035458217547076815,0.0601640846066759,8,3
1814_SALY'S_REVOLUTIONSTAGE_noWikiID,0.0,0.00039894381103915545,0.0,0.0,0.0205467828522686,2,0
1866_SANKT_THOMAS_(NOVELLE)_Q1499960,0.0,0.00039894381103915545,0.0,0.0,0.0601640846066759,0,0
1777_SATIRISCHE_ERZAEHLUNGEN_noWikiID,7.975937994483248,0.002349076236437987,0.0002959948200906484,0.029432512378708166,0.0560723413501725,10,7
1815_SCHACHTEL_MIT_DER_FRIEDENSPUPPE_noWikiID,5.986162302542165,0.0017398726465302477,0.0007492368883544537,0.014283420899358234,0.0560723413501725,9,9
1882_SCHACH_VON_WUTHENOW_Q2229265,4.997791042407038,0.0013717440613382863,0.0005303240526624117,0.014920691805299735,0.645431155250413,3,1
1696_SCHELMUFFSKY_Q107356648,10.39469015358989,0.031135979626511448,0.0011932291184904263,0.27168132578679194,0.33800545810469,6,2
1899_SCHICKSALE_EINER_SEELE_noWikiID,2.995012543687966,0.0008022731408374581,0.00017266364505287823,0.005606919309173948,0.0221068485323305,8,3
1826_SCHLOSS_AVALON_noWikiID,3.996417454812489,0.0018573599070213775,0.0016094718342429006,0.02799000607102241,0.0205467828522686,0,5
1846_SCHLOSS_UND_FABRIK_noWikiID,1.998149213714607,0.0006251153016142813,5.241574939105232e-05,0.00350552489438225,0.0221068485323305,6,2
1842_SCHWARZWAELDER_DORFGESCHICHTEN_Q60982841,2.995193414830873,0.0009346900366801154,0.0006012394783091295,0.00796655293578168,0.0455753535426939,7,12
1883_SCHWEIGEN_noWikiID,0.0,0.00039894381103915545,0.0,0.0,0.0601640846066759,2,8
1818_SELTSAMES_BEGEGNEN_UND_WIEDERSEHEN_Q2268722,2.991669776457646,0.0008846251315105273,7.091542564671784e-05,0.007795397297322312,0.0601640846066759,10,9
1837_SERAPHINE_noWikiID,2.9987148528721197,0.0008665320193117096,8.633182252643911e-05,0.00701403491017684,0.0560723413501725,3,1
1896_SIBILLA_DALMAR_noWikiID,3.9953136393466533,0.00111237872067293,0.00023124595319581905,0.009736491542797215,0.0221068485323305,8,3
1796_SIEBENKAES_Q2282375,2.7851739974613983,0.0009626283874055177,0.00035457712823358924,0.010048804178469822,0.0851189742374057,10,7
1872_SIEBEN_LEGENDEN_Q1652394,0.999152184187192,0.000512010141227617,9.249838127832762e-06,0.0017528985687494596,0.33800545810469,10,9
1776_SIEGWART_noWikiID,6.953403053738635,0.004854348276501651,0.00032374433447414667,0.07745721550771605,0.0237824899093644,11,4
1855_SOLL_UND_HABEN_(ROMAN)_Q2298931,1.9954889327088643,0.000665942613337916,1.8499676255665524e-05,0.003998553021105462,0.796427302529609,7,12
1894_STERBEN_noWikiID,0.9940744576256196,0.0005971215522786483,2.7749514383498288e-05,0.0034839113308933593,0.305392408053958,5,4
1890_STINE_(FONTANE)_Q1691464,0.9995422413106202,0.0005441238324438535,2.158295563160978e-05,0.002338212409683367,0.259978377605495,8,3
1890_STOPFKUCHEN_Q1495045,0.9993451266730708,0.0005441095437988887,0.0001356642925415472,0.0023377270358531863,0.71056394677693,6,2
1877_STUFENJAHRE_EINES_GLUECKLICHEN_noWikiID,0.0,0.00039894381103915545,0.0,0.0,0.0221068485323305,4,10
1877_STURMFLUT_noWikiID,0.9983348311631672,0.0005851606634554029,4.6249190639163815e-05,0.0031539461170765983,0.0221068485323305,7,3
1905_TAGEBUCH_EINER_VERLORENEN_Q7675198,0.0,0.00039894381103915545,0.0,0.0,0.0221068485323305,11,6
1854_TAGEBUCH_EINES_ARMEN_FRAEULEINS_noWikiID,1.986032630485085,0.0007128792133152934,4.6249190639163815e-05,0.005357788846315846,0.0205467828522686,5,4
1882_TAMBI_noWikiID,0.9973948171143682,0.0005852209458462238,9.249838127832762e-06,0.003152299573191268,0.259978377605495,7,3
1800_TITAN_(JEAN_PAUL)_Q492384,10.988344671955328,0.0043717439685572205,0.0032466931828692997,0.07131802342672204,0.127184961519692,1,0
1912_TOD_IN_VENEDIG_Q828296,0.0,0.00039894381103915545,0.0,0.0,0.0741722353260478,1,7
1903_TONIO_KROEGER_Q692988,0.9992238855839166,0.0005120296944072477,9.866494003021613e-05,0.001753024360673538,0.0691979459011065,3,1
1893_TOTENMESSE_noWikiID,0.0,0.00039894381103915545,0.0,0.0,0.0205467828522686,0,5
1906_TRAGIK_DES_LEBENS_noWikiID,0.9991140288185152,0.0005120189041150085,0.0,0.0017528316295061673,0.0560723413501725,7,3
1911_TUBUTSCH_Q23793189,0.0,0.00039894381103915545,0.0,0.0,0.0255818179471078,4,10
1841_ULI_DER_KNECHT_noWikiID,2.9810051764873444,0.0009983428615619925,0.00011099805753399315,0.011450475806183226,0.0794735706665683,5,11
1849_ULI_DER_PAECHTER_noWikiID,3.991466782287307,0.0011355762113140762,0.0006259057133166836,0.008614218145889977,0.0691979459011065,9,11
1814_UNDINE_noWikiID,3.989322486734036,0.001341185372031658,0.0019517158449727128,0.015868822020865394,0.462879594039226,6,2
1885_UNRUHIGE_GAESTE_Q2496722,0.9998965826952496,0.0005121080322165376,3.083279375944254e-05,0.0017542045310442976,0.0560723413501725,1,0
1890_UNSUEHNBAR_noWikiID,0.999631382256782,0.0005120479515943568,2.4666235007554033e-05,0.0017537392671171615,0.0560723413501725,3,1
1795_UNTERHALTUNGEN_DEUTSCHER_AUSGEWANDERTEN_Q1680528,9.981863151287651,0.004565279831988722,0.0011438966484753183,0.06440870833819771,0.33800545810469,0,5
1835_UNTERHALTUNGEN_MIT_EINER_HEILIGEN_noWikiID,2.9733810705830566,0.0009818910586877128,0.0003360774519779237,0.009533901302638911,0.0221068485323305,0,5
1885_UNTERM_BIRNBAUM_Q938689,3.9964490644506707,0.0008923795785646492,2.7749514383498288e-05,0.0073027583710118076,0.305392408053958,11,6
1906_UNTERM_RAD_Q1325403,0.0,0.00039894381103915545,0.0,0.0,0.0645339993923284,3,1
1811_UNWAHRSCHEINLICHE_WAHRHAFTIGKEITEN_noWikiID,0.9023822413150888,0.000557830637928086,0.00010483149878210463,0.0020543558777289684,0.0560723413501725,2,7
1914_UNWIEDERBRINGLICH_Q2499503,0.0,0.00039894381103915545,0.0,0.0,0.289764790109877,3,1
1771_USONG_noWikiID,8.972808756476011,0.00973004089527701,0.0009003175777757222,0.12435767375936446,0.0255818179471078,1,0
1869_VENUS_IM_PELZ_Q677592,0.0,0.00039894381103915545,0.0,0.0,0.0601640846066759,5,4
1911_VEREINIGUNGEN_noWikiID,0.0,0.00039894381103915545,0.0,0.0,0.274620702296579,9,9
1862_VERWORRENES_LEBEN_noWikiID,2.9987690712873167,0.0009258670076542332,0.00016341380692504547,0.00701395691306229,0.0560723413501725,3,1
1832_VIEL_LAERMEN_UM_NICHTS_noWikiID,4.997349364827632,0.0014588541430247985,0.0007831529614898405,0.01095674652132983,0.0601640846066759,1,0
1874_VIOLA_TRICOLOR_(STORM)_Q2527399,2.9961220690469244,0.0009123297796303704,1.2333117503777017e-05,0.007473872861854453,0.0741722353260478,11,6
1840_VITTORIA_ACCOROMBONA_Q1403207,0.9996690294797372,0.00051203294960351,7.091542564671784e-05,0.0017538053148767323,0.0975111340573339,0,5
1912_VON_PAUL_ZU_PEDRO_noWikiID,0.0,0.00039894381103915545,0.0,0.0,0.0237824899093644,6,2
1878_VOR_DEM_STURM_(ROMAN)_Q1273542,0.0,0.00039894381103915545,0.0,0.0,0.2221662156401,3,1
1841_WALDEINSAMKEIT_noWikiID,0.0,0.00039894381103915545,0.0,0.0,0.0601640846066759,0,5
1877_WALDHEIMAT_Q41547677,0.9993538786125064,0.0007587303716055891,0.00023124595319581905,0.012448237804561528,0.0645339993923284,11,6
1835_WALLY_DIE_ZWEIFLERIN_noWikiID,6.988588636176003,0.0024024229169830416,0.0005642401257977985,0.02275094636621085,0.662351989355763,3,1
1887_WAS_DIE_ISAR_RAUSCHT_noWikiID,0.9973154670627956,0.0005501358227879456,0.0,0.0023054044095572267,0.0318106268524673,4,10
1845_WEISSE_SCLAVEN_ODER_DIE_LEIDEN_DES_VOLKES_noWikiID,2.996990866476893,0.001041529335054752,9.249838127832763e-05,0.012741274142495861,0.0221068485323305,4,10
1873_WIENER_BLUT_noWikiID,0.996690803314764,0.0005120118684121174,2.7749514383498288e-05,0.0017485803566925687,0.0205467828522686,1,7
1894_WIE_FRAUEN_WERDEN_WERDE_DIE_DU_BIST_noWikiID,5.957697057848041,0.001141336520627118,0.00015108068942126844,0.01045076178074257,0.0205467828522686,11,4
1838_WIE_FUENF_MAEDCHEN_IM_BRANNTWEIN_JAEMMERLICH_UMKOMMEN_Q1751009,2.993955397629079,0.00111869558750175,0.0005488237289180772,0.010073231757957565,0.0560723413501725,9,11
1914_WIE_WUNDERBAR_noWikiID,0.0,0.00039894381103915545,0.0,0.0,0.0601640846066759,2,7
1794_WILHELM_MEISTERS_LEHRJAHRE_Q1194031,10.990409271574904,0.007041870332438804,0.0022168778713039187,0.07582068159614049,0.999115717764715,0,5
1777_WILHELM_MEISTERS_THEATRALISCHE_SENDUNG_Q2574172,8.983109751479418,0.005773923330767191,0.004760583356457929,0.11255388426807093,0.425970768854918,10,9
1821_WILHELM_MEISTERS_WANDERJAHRE_Q478344,0.999571836257846,0.0006294572728938999,0.0,0.005600476075349084,0.645431155250413,1,0
1795_WILLIAM_LOVELL_Q2579763,7.989473085400133,0.0038958489349181216,0.0020102981531156536,0.06203572908221086,0.372234887656701,6,2
1779_WOLDEMAR_noWikiID,15.963662533658693,0.015085326735949227,0.0027687848795979403,0.12413454901545694,0.0560723413501725,7,3
1775_ZERBIN_ODER_DIE_NEUERE_PHILOSOPHIE_noWikiID,8.975052022597355,0.007340232552415312,0.0010020657971818827,0.1352190888274219,0.0794735706665683,1,0
1877_ZUERICHER_NOVELLEN_Q248678,0.0,0.00039894381103915545,0.0,0.0,0.305392408053958,1,0
1874_ZUM_WILDEN_MANN_Q229600,0.9994430327505088,0.0005120524927408443,3.39160731353868e-05,0.0017534088293868575,0.33800545810469,0,5
1897_ZUM_ZEITVERTREIB_noWikiID,0.0,0.00039894381103915545,0.0,0.0,0.0205467828522686,2,8
1883_ZUR_CHRONIK_VON_GRIESHUUS_noWikiID,0.0,0.00039894381103915545,0.0,0.0,0.0794735706665683,2,8
1880_ZUR_WALD-_UND_WASSERFREUDE_noWikiID,0.9994649054477304,0.0005120395088809391,0.0,0.001753447202539878,0.0560723413501725,2,8
1845_ZWEI_SCHWESTERN_noWikiID,2.9893555239091496,0.0010726089100454885,0.00026516202633120587,0.010180348919372405,0.0560723413501725,9,11
1856_ZWISCHEN_HIMMEL_UND_ERDE_(ERZAEHLUNG_1856)_Q64733588,4.981465931918014,0.001836461658305439,0.00018191348318071098,0.01661808788643552,0.33800545810469,11,4
