doc_name,MSTTR-100,TTR-100-sliding,Compressibility,Readability,Mean sentence length,Mean word length,Noun/Word ratio
ABDALLAH_noWikiID,0.7138335809806838,0.7142565246487038,2.195068048483416,72.05394973996819,15.976109215017065,5.05492060101118,0.1827956989247312
ABU_TELFAN_Q335418,0.7321659324522779,0.7324835871751968,2.1311915757230424,60.53384380716007,21.537483882851355,5.209566652697837,0.19252182985965602
ADAMS_ERSTES_ERWACHEN_UND_ERSTE_SEELIGE_NAECHTE_noWikiID,0.7492592592592594,0.7500558243394077,2.1948805353694563,74.09122296902397,14.146341463414634,5.1125,0.22241379310344828
ADDRICH_IM_MOOS_noWikiID,0.7252808112324496,0.7255388938761017,2.1715843927268055,73.74279098137806,14.225863236289777,5.230341624070743,0.20265948333301606
ADELE_noWikiID,0.6936865342163353,0.6932758506333827,2.194042688491846,71.28581865929712,18.239477503628446,5.05482613193284,0.16132198084931434
AESTHETISCHE_FELDZUEGE_noWikiID,0.7036960000000003,0.7044063430089299,2.275105868922491,45.94270852808458,32.24407582938389,5.5603549643565815,0.22719923568751377
AGATHODAEMON_noWikiID,0.7366977225672882,0.7363347830589455,2.223383270772579,48.328379988207814,29.263568641362184,5.3443401944383835,0.18723785972313137
AGNES_VON_LILIEN_Q105642294,0.740548387096775,0.74087889511559,2.1981022202086327,69.99965603857359,17.265433426543343,5.228051378524175,0.20058056237307983
AHNUNG_UND_GEGENWART_Q402329,0.7369759143621782,0.7369430407999863,2.2218904838043816,70.38876385457473,18.191333708497467,5.132380539916269,0.17812287322897977
ALSO_SPRACH_ZARATHUSTRA_Q199774,0.6746989247311843,0.6746700294693629,2.2674709766680192,82.26358244715829,12.480353634577604,4.874603174603174,0.19487078577987668
ALTERSHAUSEN_noWikiID,0.721590909090909,0.7219054125863373,2.1843781015956014,66.98010033927744,20.04724409448819,5.118557012508309,0.1883497492295607
ALTE_NESTER_Q436036,0.7359058341862854,0.7363460081495631,2.1235607028588714,69.37275389470345,19.19838523644752,4.994761126598097,0.16525082607389607
AMANDA_UND_EDUARD_noWikiID,0.7151470588235299,0.7142029080322538,2.21997673257631,68.73864373818786,18.509468317552805,5.080252621638106,0.17170008066578787
AMAZONENSCHLACHT_noWikiID,0.7022374429223747,0.703394810306136,2.153820492448799,79.03487029155046,10.51357733175915,5.183773161145424,0.1764177428411005
ANDREA_DELFIN_Q28054637,0.7327355623100301,0.7317491106989604,2.1495962997719498,74.18471999161027,16.914285714285715,4.986767552349112,0.18352336711711711
ANDROGYNE_noWikiID,0.687606382978723,0.6901798004588044,2.2452793776657405,65.41266627224779,23.187948350071736,5.196324712288083,0.2103081301819082
ANGELA_BORGIA_noWikiID,0.7252968036529682,0.7255091407677982,2.1765372184939813,68.90424775171161,17.00369856680536,5.313330976916175,0.19742244215449034
ANNA_noWikiID,0.7503238095238091,0.7512956769478398,2.1344039081852384,67.25261988396838,15.892364793213149,5.273657402773607,0.1793725464028737
ANTON_REISER_Q593385,0.7289800000000035,0.7293772048575322,2.2478944603550977,53.507162752802756,31.162322274881518,5.160914033686932,0.1765332116649557
AN_HEILIGEN_WASSERN_noWikiID,0.7065602836879452,0.7067978031533482,2.116280655379548,78.66365171410051,16.109410332231693,4.866239080906568,0.1836243291978448
AQUIS_SUBMERSUS_Q623355,0.7472377622377627,0.7478091699383098,2.1709367653602576,68.27304265407935,16.1663313212609,4.941379024228344,0.1778542980418188
ARBEIT_noWikiID,0.6813650793650797,0.6818030843486366,2.21766216926061,79.52773428243957,11.255436401549002,5.077651916154986,0.17241196787042307
ARDINGHELLO_noWikiID,0.7487146529562969,0.7481282143591516,2.16428965050619,65.25018409331203,17.310027285129603,5.195249541899001,0.20439185860934328
ARDISTAN_UND_DSCHINNISTAN_Q639501,0.6972514619883127,0.6973673923004481,2.2220465128728293,77.4434852454964,13.546580852775543,4.9587131717572435,0.14696764538198404
ARIEL'S_OFFENBARUNGEN_noWikiID,0.7019305856832971,0.7021875067897401,2.127735420497332,78.35703725001201,10.832609325224443,4.825477877289132,0.2211201711001203
ARISTIPP_UND_EINIGE_SEINER_ZEITGENOSSEN_noWikiID,0.7456944444444442,0.7457639287086765,2.178029867161343,51.1451313325595,26.2461247296323,5.316814718415531,0.17808788333499298
"ARMUT,_REICHTUM,_SCHULD_UND_BUSSE_DER_GRAEFIN_DOLORES_Q689540",0.7302458158995881,0.7302747816080641,2.25379103625175,58.04949834365581,18.37907261203158,5.063811765275315,0.19234283017612216
ASIATISCHE_BANISE_noWikiID,0.7513310580204782,0.7510067402839061,2.2047388556064385,60.98615962082455,19.605693614344133,5.371013934682679,0.20325222818544278
ASPASIA_noWikiID,0.715021570319251,0.7151186701012525,2.2121869548481907,63.86892296843854,20.370868522573247,5.424865772327347,0.20320713287643888
AUCH_EINER_Q758582,0.7237480798771199,0.7235114664100118,2.112316183892354,69.26732510499565,16.26142208774584,5.215149598094671,0.19824848665277364
AUF_DEM_STAATSHOF_noWikiID,0.7393750000000002,0.739009185836541,2.1731503522838627,70.08948093649286,16.79109062980031,5.038422834141433,0.17711096880431798
AUF_DER_UNIVERSITAET_Q15792139,0.7344635193133051,0.731957617263205,2.1853136827442174,74.27585220038524,13.805928016937191,5.073761692991872,0.17318407197260133
AUF_DER_WEGWACHT_noWikiID,0.7098244473342049,0.7099159642002275,2.1962210215514326,73.72851809199206,16.10268762677485,5.17716526134297,0.1722590498984396
AUF_ZWEI_PLANETEN_Q4310936,0.7090112994350298,0.7091622706206331,2.2496137343900853,70.29201057938585,15.218866644044791,5.262187984258464,0.18616499442586398
AUSWAHL_AUS_DES_TEUFELS_PAPIEREN_noWikiID,0.7588072018004486,0.7584258856362317,2.1868673041723334,48.76268876979893,30.664134136756616,5.27359562561408,0.1896620957751292
AUS_DEM_BOEHMERWALDE_noWikiID,0.7224142480211087,0.7222075282441615,2.1122627489449197,73.25102267457927,13.330513850708394,5.226078680203046,0.21465736040609137
AUS_DEM_LEBEN_EINER_FRAU_Q101323690,0.739139784946236,0.7382010980729647,2.126426132491913,67.07781009884985,16.19738651994498,5.318755042248736,0.20992739161819032
AUS_DEM_LEBEN_EINES_TAUGENICHTS_Q777658,0.7302120141342759,0.7289840271396929,2.2091428490625895,72.25780276745402,21.112627986348123,4.851068989209069,0.1658583899127061
AUS_DEN_MEMOIREN_DES_HERRN_SCHNABELEWOPSKI_noWikiID,0.7146874999999996,0.7135754248365838,2.1463954725387207,67.12158220017213,17.951541850220263,5.218711656441718,0.2001840490797546
AUS_DER_CHRONIKA_EINES_FAHRENDEN_SCHUELERS_Q777681,0.693456790123457,0.6911510880316145,2.2602537134830087,64.2903864678089,23.38917089678511,4.695941546697533,0.17478116183172973
AUS_EINER_FAMILIE_noWikiID,0.6805442176870752,0.679953637417316,2.1906885272027323,81.41500398902141,16.481171548117153,4.646272319539646,0.15063044766015063
AUS_GUTER_FAMILIE_noWikiID,0.7144924154025679,0.713973039587923,2.151160808664956,76.12090929170441,13.442153493699886,5.2045164039198974,0.18003124556171
AUS_MEINEM_LEBEN._DICHTUNG_UND_WAHRHEIT_Q569377,0.7427831827658128,0.7425225040490412,2.1786804492005785,54.708242277990436,23.634905480236778,5.466047537487073,0.17618520553257497
AUS_TROTZKOPFS_EHE_noWikiID,0.7263879598662203,0.7265427944893856,2.151261397657341,71.66056695693172,18.343046846182222,5.07605526172904,0.15783864221364222
BAHNWAERTER_THIEL_Q803617,0.7187912087912086,0.7186958919216568,2.1495325113538613,74.51460426306328,14.388732394366198,5.244061602714696,0.19903419472722528
BARBAROSSA_noWikiID,0.7235000000000001,0.7218813230967551,2.1642006868155734,69.34887905337165,22.304832713754646,4.775333333333333,0.15933333333333333
BEATRICE_noWikiID,0.7219742489270381,0.7208853092783076,2.187441523530233,75.18312380330279,18.189140271493212,4.847106821234887,0.1532912085178367
BEBUQUIN_Q30134038,0.6958860759493669,0.6953181326029764,2.1532106607174915,73.91266978285098,11.580500894454383,5.273963080250251,0.2004325326330424
BELPHEGOR_noWikiID,0.7337706422018362,0.7337796337937974,2.1837504813246054,59.38134115518987,21.149568769859282,5.322641225961538,0.19348607608520685
BILDER_UND_GESCHICHTEN_AUS_SCHWABEN_Q15788617,0.7384984025559118,0.7377081424340141,2.182326209554917,61.67697058152571,20.12834625969477,5.195841050054069,0.1999552533777485
BLUMEN_noWikiID,0.6725000000000001,0.6741784274193701,2.251020755570615,82.9610909757481,13.896694214876034,4.6235504014272975,0.13886410942610763
BOZENA_noWikiID,0.7223890339425599,0.7229833431315212,2.1084977148253503,73.23355419190051,15.424249877029022,5.2007972574344254,0.18322570357968587
BRIEFE_EINES_NARREN_UND_EINER_NAERRIN_noWikiID,0.7355306427503742,0.7353325259412189,2.1197155132827774,67.47656786360565,18.292380952380952,5.310546502143316,0.2104614637024696
BRIGITTA_(STIFTER)_Q539511,0.6999999999999993,0.7000790410839517,2.240142297514917,67.87383363148798,23.931076178960097,4.917891971097974,0.16744985094234754
BUDDENBROOKS_Q326909,0.7209155645981705,0.7213699857463248,2.126273081472251,64.57296862036813,17.519239177962397,5.313666030224751,0.18592839404490036
BULEMANNS_HAUS_Q1003556,0.7389873417721519,0.7385867895545059,2.239170406353972,70.67967119178653,16.545232273838632,5.187971035909561,0.20274863307226246
BUNTE_STEINE_Q1009887,0.672525684931507,0.6725760716855701,2.3196933915371254,67.55397435883432,23.532079905992948,4.926674589779185,0.18390276543259196
CABANIS_noWikiID,0.7028713910761244,0.7026399420277664,2.1559922527235034,75.4839081423334,15.20741177627052,5.083630134772632,0.19139652887754113
CARSTEN_CURATOR_Q1045516,0.7338333333333329,0.7327749739311766,2.1683543934673537,71.0715388607418,14.154668567355666,5.070194873860718,0.1757893146684123
CHRISTA_RUHLAND_noWikiID,0.7019714656290537,0.7023116680735323,2.1078316671609865,75.66880516491861,11.770117078609923,5.22044683034657,0.18684771453382806
CLEMENTINE_noWikiID,0.7102010050251254,0.7095786220412428,2.2542299388242992,70.328092017384,18.19689673622258,4.981270214642752,0.15601293737136138
CÉCILE_noWikiID,0.7107111111111118,0.7109955361777555,2.103979114580427,72.01873664996899,15.179852176293457,5.2073144341051725,0.17158984346822478
DAPHNIS_noWikiID,0.6494979079497901,0.649053453050252,2.2934489412752543,79.02667518547415,13.160161507402423,4.668592759255471,0.18735937819595008
DAS_ALTE_HAUS_noWikiID,0.7181052631578949,0.717499468424388,2.2648435119879857,68.45583515922635,20.21323529411765,5.213410937310537,0.18709833878986298
DAS_AMULETT_Q1167148,0.7393805309734515,0.7376111777510957,2.1289370878362175,70.97896390009323,17.546046511627907,5.225267734068497,0.18773194783161912
DAS_BLUETHENALTER_DER_EMPFINDUNG_noWikiID,0.7312903225806452,0.7330378926913365,2.207927928861636,67.80054118967439,16.290983606557376,5.4271069182389935,0.1969182389937107
DAS_BUCH_LE_GRAND_noWikiID,0.6962318840579708,0.6964349051130757,2.123163721757072,57.97753851401397,27.886347886347885,5.204696819085487,0.1864065606361829
DAS_DUELL_noWikiID,0.7122787610619468,0.7133428470285914,2.1739820902777014,76.69637932059047,13.588127519237815,5.1658216924653475,0.155250525861604
DAS_ERDBEBEN_IN_CHILI_Q1167748,0.7152307692307691,0.7141803150834407,2.229442540014798,58.247567868500695,22.12295081967213,5.2797332345313075,0.18340125972582438
DAS_ERDBEERIMAREILI_noWikiID,0.6872282608695656,0.6875389900752168,2.2866491994777407,70.84931007240793,20.33893919793014,4.929461900521562,0.16874443455031166
DAS_FRAEULEIN_VON_SCUDERI_Q358642,0.7206834532374099,0.7201192534946876,2.155701080220306,68.06605788775963,20.03076923076923,5.187446663253115,0.1822836661546339
DAS_GEHEIMNISS_DES_KOSMOPOLITEN-ORDENS_noWikiID,0.7340449438202247,0.7363936086418297,2.2182926992161582,36.074127010836634,32.10699588477366,5.668802871058703,0.20968982312227635
DAS_GEHEIMNIS_DER_ALTEN_MAMSELL_noWikiID,0.7516068052930048,0.7516506792295458,2.1416426357747893,65.91842446398103,19.34420526201348,5.35600917224945,0.18803111370891595
DAS_GEMEINDEKIND_Q1168304,0.7064668367346938,0.7071794348148212,2.146913380104086,75.30830450704056,15.614952357683851,5.009622606083364,0.17303479784703968
DAS_GESPENST_noWikiID,0.7108733624454147,0.7109795078377716,2.1547047338111835,76.93460203068241,13.225806451612904,5.087967479674797,0.1450948509485095
DAS_GLUECK_Q3209153,0.7377215189873418,0.7380223305683768,2.148515967753532,59.147071176581534,22.322314049586776,5.211896828335185,0.1767740343082809
DAS_GOLDMACHERDORF_Q114357971,0.7132661290322592,0.7131260083897886,2.2155333772137813,74.19112980438807,15.85960960960961,5.042674556213018,0.19654437869822486
DAS_HEIMWEH_Q1168923,0.7238383838383838,0.7241632053489954,2.1337778448572116,72.86152916069828,17.022774327122153,5.004986621260034,0.17453174410119193
DAS_HEXAMERON_VON_ROSENHAIN_noWikiID,0.7345233644859815,0.7347999999999977,2.2354975735057567,54.59010325667636,26.455180442374854,5.343432343234324,0.17522552255225524
DAS_HOELZERNE_BEIN_noWikiID,0.7021428571428571,0.7082962394474241,0.0,84.52194791101468,10.504504504504505,4.716123499142367,0.1998284734133791
DAS_JUDENGRAB_Q18411268,0.7219444444444442,0.720940732457352,2.221831420854629,60.41591844317885,26.387931034482758,5.151747794838288,0.18098660568441685
DAS_JUNGE_EUROPA_noWikiID,0.7276228733459431,0.7275355058252347,2.140575184997244,65.68367155164569,20.058212290502794,5.195843383225361,0.18657427264776824
DAS_KAJUETENBUCH_noWikiID,0.694896142433234,0.6947041795631119,2.1966643966005144,69.74254609491503,16.449321266968326,5.275493081726405,0.18040693569535757
DAS_KLOSTER_BEI_SENDOMIR_Q1169335,0.7269999999999998,0.726350031937206,2.2041635186662343,72.5963714801537,15.145424836601308,5.290754126658755,0.20498435645700722
DAS_KREUZ_IM_VENN_noWikiID,0.7090642201834886,0.7082332372753934,2.19434660340966,81.18142603133754,11.92418579818473,4.902077549923883,0.17078221545625505
DAS_LEBEN_DER_HOCHGRAEFIN_GRITTA_VON_RATTENZUHAUSBEIUNS_noWikiID,0.7120431893687706,0.7127523362931533,2.1889176035176576,75.05940574714029,15.487091757387248,4.925609045811492,0.18260328171757947
DAS_LEBEN_UND_DIE_MEINUNGEN_DES_HERRN_MAGISTER_SEBALDUS_NOTHANKER_Q1810894,0.7117331499312265,0.711685394804733,2.2315112125388965,61.11038690771562,21.4054856743536,5.361411956743522,0.1852030197918792
DAS_LEIDEN_EINES_KNABEN_Q1169610,0.7323902439024391,0.7338618462892829,2.1395966012178245,72.65609867430418,16.128971962616824,5.31417313709584,0.19567736701819446
DAS_MAEDCHEN_VON_TREPPI_Q28071194,0.7038364779874221,0.703985076514462,2.167909372063391,80.75329209987902,15.410798122065728,4.758796648895659,0.16450875856816452
DAS_MAERCHEN_DER_672._NACHT_Q1169916,0.7019718309859155,0.6990664400056459,2.241763368718471,64.7969307793799,22.140845070422536,5.0715648854961835,0.1919529262086514
DAS_MARMORBILD_Q1169722,0.7457042253521128,0.7468449273317401,2.1707937095589886,67.05393702709642,18.210134128166914,5.30084294950487,0.17996562730174318
DAS_NATURFORSCHERSCHIFF_noWikiID,0.7531111111111085,0.7539419082744603,2.1540534413729215,63.213979639293555,18.92877560743211,5.489271736531467,0.21647181707209645
DAS_NUSS-KERNEN_noWikiID,0.7150943396226416,0.7124037854889465,2.131891239557968,82.06591676839176,8.244260204081632,4.929372630927516,0.18333720120677652
DAS_ODFELD_Q1169997,0.7269522471910113,0.7265310628005945,2.1227630207071786,65.62385411112129,19.034428300694884,5.198861656406087,0.2033088296301213
DAS_RECHT_DER_MUTTER_noWikiID,0.6788246628131033,0.6788319008710556,2.1942013415018216,78.41915515017523,14.316354344122658,4.977807394362007,0.17171008008377261
DAS_SANCTUS_Q1170225,0.728904109589041,0.726401875603363,2.1445567739681763,59.73484211316543,25.337448559670783,5.31411401656651,0.1970115315900601
DAS_SCHAEDLICHE_noWikiID,0.7065020576131684,0.7068872366790236,2.13524819089387,79.14514413864964,13.288180610889775,5.050319808115131,0.16540075954427344
DAS_SCHATZHAUS_DES_KOENIGS_noWikiID,0.717040527803959,0.7172142432786764,2.1297994996306397,73.55851394928662,15.085474567383324,5.1765387467556545,0.1891337597330367
DAS_SCHLOSS_DUERANDE_Q1170280,0.7324691358024691,0.732011889281068,2.1782534336761312,70.32849806502959,18.913888888888888,4.977970333382288,0.18482890292260243
DAS_SCHWEIGEN_IM_WALDE_noWikiID,0.7082134570765686,0.7076556249371274,2.12126873638072,81.55093681517913,11.507625272331154,4.8954846648996595,0.19142370314274895
DAS_STEINERNE_HERZ_noWikiID,0.7262499999999998,0.7239318706697327,2.1191028544694377,65.46552521888947,23.482288828337875,5.278602924112323,0.1911116268275702
DAS_STUTTGARTER_HUTZELMAENNLEIN_Q13142535,0.7487071240105537,0.7489220274450676,2.0821380485380607,72.64832009633155,18.94114114114114,4.88454830833624,0.2006849097885024
DAS_URTEIL_(KAFKA)_Q278998,0.6946808510638297,0.6967087254063228,2.2616090514959253,74.42206889727551,17.427947598253276,5.028814833375094,0.1533450263091957
DAS_VERLASSENE_HAUS_noWikiID,0.7020731707317073,0.7006313069160544,2.1448828017998447,80.52338619717388,13.948559670781894,4.937011358607465,0.1833603776368196
DAS_VERLORENE_LACHEN_Q1171678,0.7443292682926834,0.7435782084541461,2.193586545882916,55.07832114946736,26.853839037927845,5.371731716559303,0.18643425539977265
DAS_VERMAECHTNIS_DES_INKA_noWikiID,0.7089883268482482,0.7077266338720586,2.1851552993444083,74.85475013290082,13.788373612018288,5.0265277119848415,0.16257697773567029
DAS_WALDROESCHEN_noWikiID,0.6700671892497246,0.6706872203775073,2.1935117564550057,80.12210953973256,12.998177283192632,4.930992235703953,0.1569379967968825
DAS_WEIBERDORF_noWikiID,0.7043739837398378,0.7057943849135349,2.1384539427827822,82.63137531815697,10.6682629516761,4.909732707610692,0.18326872066925118
DAS_ZAUBERSCHLOSS_noWikiID,0.7288535031847128,0.7288947452483368,2.223107747487122,65.74191933160034,19.61601186063751,5.198359912327111,0.1782934018592699
DEN_STEIN_DER_WEISEN_noWikiID,0.7316666666666668,0.7316817188637845,2.213396667577902,59.0961309482809,23.702380952380953,5.1375355767620965,0.18340867235894862
DER_ALTE_VOM_BERGE_noWikiID,0.7152879581151833,0.7158005511087401,2.1463998094996115,69.69784966878841,21.178360655737706,5.023345821593336,0.17094466978357123
DER_AMERIKAMUEDE_noWikiID,0.7467224759005584,0.7466455220851148,2.096920530605179,67.04319689508756,15.540400775694893,5.474171484939061,0.21366475128797827
DER_AMTMANN_VON_HOHENWEILER_noWikiID,0.724869694713331,0.724957501806466,2.199744906005251,60.09998040665636,24.491568836712915,5.110403248999939,0.16729560844670263
DER_APOSTEL_(HAUPTMANN)_Q28131950,0.7023728813559322,0.7014836190799467,2.1311626873375427,80.20301414654774,11.952038369304557,5.060192616372392,0.1952247191011236
DER_ARME_SPIELMANN_Q1198306,0.7149162011173184,0.71307868815756,2.1762441120516787,74.3392572165599,15.994703389830509,5.057553480362938,0.17809126432214054
DER_AUFRUHR_IN_DEN_CEVENNEN_Q1192283,0.716739367502728,0.7169301163818235,2.1240819605034886,67.38177095306548,20.636040470330872,5.070071290382423,0.17902101608671456
DER_BAUERNSPIEGEL_noWikiID,0.7030049261083808,0.7032077842872674,2.2289631008500557,67.52566384215277,16.67836328314716,4.9192789854544925,0.1656486826874777
DER_BESUCH_noWikiID,0.688972602739726,0.6894314518894074,2.1886369903921,74.67371176823363,20.45,4.706682966585167,0.15370823145884271
DER_BLONDE_ECKBERT_Q1198407,0.7124000000000001,0.712858493113672,2.2694190449041876,68.36135462372253,21.313531353135314,4.91065345308145,0.15298854134406936
DER_BUETTNERBAUER_noWikiID,0.7281281138790068,0.7284111304199331,2.1388167275932695,76.73935598594315,12.2349173553719,5.143058581150683,0.1925122853234713
DER_CONDOR_Q19156156,0.7112941176470589,0.7143746288157442,2.1613511313443747,62.97548599181198,23.6843853820598,5.055828306915416,0.1822134941787067
DER_DRAEUMLING_Q1193032,0.7246097201767304,0.7251140281092728,2.1559868170542043,66.5959679878049,17.7228311932352,5.2151478202477515,0.18895898496174168
DER_EINSAME_noWikiID,0.7000529100529104,0.7007592925976621,2.1454053010709244,76.32152932442467,18.328931572629052,4.703694000523972,0.17251768404506157
DER_FALSCHE_WOLDEMAR_noWikiID,0.6815612431444423,0.6819422666241439,2.1984002560090965,84.1746062091126,12.843077819877587,4.736087471575822,0.18792863205384822
DER_FAUST_DER_MORGENLAENDER_noWikiID,0.7080932203389847,0.7072497738068673,2.2267537136977404,70.84556080667758,16.474440453163858,5.014105768101843,0.19124134113818955
DER_FINDLING_noWikiID,0.6976712328767123,0.6993028413028141,2.1812340083756694,47.2226669670452,29.83582089552239,5.104719026179756,0.1855927963981991
DER_FREIHOF_VON_AARAU_noWikiID,0.7272473867595813,0.7277444965401879,2.124014903556278,72.30494611345688,15.176706183915412,5.282203667148723,0.20627447668711008
DER_FROMME_SPRUCH_noWikiID,0.6476470588235291,0.6475439204407439,2.3099702596908807,76.9020469297128,17.093681917211327,4.902668026170447,0.1699804571331464
DER_GEHUELFE_Q1193785,0.7084703196347052,0.709283292038258,2.1683936802458703,71.75320717504397,16.650711221494696,5.179957963251746,0.1667751471266238
DER_GEISTERSEHER_Q1193812,0.7163180827886715,0.7161800253064964,2.196444472876921,71.6995107065401,16.281276595744682,5.162280128590471,0.17869370899871934
DER_GENIUS_noWikiID,0.7221342685370816,0.722062089701904,2.192359874833592,69.53331290379943,17.463946280991735,5.172498240176042,0.1705698280400589
DER_GOLDNE_SPIEGEL_noWikiID,0.7391935483870975,0.7392149047401995,2.219392480792885,51.70743618156038,25.82941798941799,5.4677001737078434,0.20953098882370294
DER_GOLDNE_TOPF_Q785009,0.7116571428571413,0.7117650085763038,2.2193895260312373,60.89113181826153,25.708480565371026,5.256889560854924,0.1846952099512061
DER_GOTTSUCHER_Q55978264,0.7001586252478557,0.700370698547885,2.141371665677228,78.62092213270742,14.977562955006563,4.9169614967807735,0.19614811509438473
DER_GRUENE_HEINRICH_Q1198871,0.7416726795670725,0.7419584037268465,2.23310437099974,52.184995264322424,28.281983506026645,5.378539838723546,0.1804808386076541
DER_HEILIGE_Q1194176,0.7510691823899365,0.7515067083797121,2.160603046868443,70.02056445783134,20.019295706705257,5.200915662650602,0.21151807228915662
DER_HEIZER_noWikiID,0.7115833333333333,0.7123220536756006,2.2407465404650027,68.07602644701215,21.971922246220302,5.132900815885186,0.16966479897768602
DER_HERR_ETATSRAT_Q15805136,0.7718787878787883,0.7709813197477187,2.1884380879352276,63.69867126049088,16.29185520361991,5.320927648937648,0.1802527426746285
DER_HEXENMEISTER_noWikiID,0.731578947368421,0.7308846564613568,2.1822641873225184,66.31648011267639,21.8646288209607,5.135809866187338,0.19292989814260036
DER_HEXENSABBAT_noWikiID,0.7150245700245726,0.7151866286360961,2.209704262786218,67.6867309916742,19.85854503464203,5.137405689863205,0.18210495711585986
DER_HOCHWALD_Q1194364,0.7104986876640416,0.7104380867232499,2.1708794325434453,57.44857644795009,28.09646017699115,5.076884311316892,0.18217896626665406
DER_HUNGERPASTOR_Q1194487,0.7245427196149274,0.7241705693268765,2.169369991878122,66.26550797786716,19.299500607369417,5.163131429690396,0.19535631862367997
DER_IM_IRR-GARTEN_DER_LIEBE_HERUM_TAUMELNDE_CAVALIER_noWikiID,0.7584213759213725,0.7580435717532981,2.2038016401256106,54.87663283068699,30.03710771840543,5.33108608944266,0.17755815184779922
DER_JUNGE_TISCHLERMEISTER_Q1198964,0.7207824933687056,0.7201839367236855,2.21033089257822,63.41102888289116,21.458041360451205,5.194709719556196,0.1660520425962358
DER_JUNKER_VON_DENOW_Q1194662,0.6978698224852068,0.6970122531524897,2.2029687135483234,73.83480265122465,15.616875712656784,5.198233060747664,0.22546728971962618
DER_KLEINE_HAEWELMANN_Q1199225,0.63,0.6317992831541175,0.0,86.44897992380464,13.311111111111112,4.546744574290484,0.164440734557596
DER_KOENIG_DER_BERNINA_noWikiID,0.7137795275590572,0.7136689959378808,2.1541782555935014,75.41648577740958,16.342901646639966,5.024072435155559,0.19532983865477568
DER_LANDPREDIGER_Q1195163,0.72484693877551,0.7236440851411835,2.2305888883954403,58.681786460767924,25.531107738998482,5.258424962852898,0.19566121842496284
DER_LANDVOGT_VON_GREIFENSEE_Q1195171,0.7445892351274783,0.7444782053102412,2.138663993046864,54.387117041001886,24.092840283241543,5.415257004767814,0.1891124028476259
DER_MAGNETISEUR_(E._T._A._HOFFMANN)_Q15456531,0.7262790697674418,0.7247789571911571,2.1599139194124883,58.44815657727037,25.54626334519573,5.214599150240301,0.1758027443059135
DER_MAJOR_noWikiID,0.7217478152309615,0.721598111935289,2.1259391186263854,73.21580074732265,14.855878347707671,5.291574364066916,0.18281261935681004
DER_NACHSOMMER_Q167320,0.6915858725761954,0.6920127643959139,2.3028678489381558,66.22339840296402,22.50439431004802,5.0799457285380125,0.1794662232618437
DER_POJAZ_Q1196233,0.7016657191586203,0.7019758330489516,2.095372609239409,81.0790463124609,12.792321755027423,4.909280589933404,0.16812673278646353
DER_POSTEN_DER_FRAU_noWikiID,0.7020883534136546,0.7021249848905807,2.2005439646179203,71.87098854309644,15.747434885556432,5.33665797914996,0.228799117882919
DER_PRINZ_VON_THEBEN_noWikiID,0.7338793103448279,0.7360421728566449,2.2539409090344233,70.89535289564209,16.0843949044586,5.359271359271359,0.25304425304425304
DER_PSYCHOLOGE_noWikiID,0.7071428571428572,0.7085416666666692,0.0,70.96749877481011,16.426666666666666,4.984577922077922,0.14853896103896103
DER_RABBI_VON_BACHERACH_noWikiID,0.7150955414012742,0.7161826098091834,2.1433012662199435,56.48874731182798,26.00388349514563,5.389784946236559,0.2067652329749104
DER_RANGIERBAHNHOF_noWikiID,0.672917316692668,0.6728383931501063,2.1591635581670983,82.02291910279696,11.855876865671641,4.8973209016877135,0.14927809905975845
DER_RAUBGRAF_noWikiID,0.7157219251336905,0.7153010437201354,2.198552962539433,71.48147888450077,17.172878667724028,5.1786839067190025,0.1823966751327638
DER_REBELL_noWikiID,0.7267637877211254,0.7264235286767668,2.1591117108801403,71.21790752208787,16.14921780986763,5.236897665176354,0.18442622950819673
DER_REDLICHE_MANN_AM_HOFE_noWikiID,0.7289229671897319,0.7292910666114839,2.292256719937846,60.51584379469669,16.940386230058774,5.235019082392982,0.1939267776896643
DER_ROLAND_VON_BERLIN_noWikiID,0.6896667900777677,0.6893242547585186,2.1723225631573246,80.07337284624931,15.468128470026004,4.778528460308229,0.1743148444315208
DER_RUNENBERG_Q1196568,0.7283333333333335,0.7248916095697815,2.1891811084089685,63.64135240789662,21.31301939058172,5.020145567975045,0.18559916818299974
DER_SADDUZAEER_VON_AMSTERDAM_noWikiID,0.729537037037037,0.7283283817658118,2.2088192320673765,67.32311889886765,19.396825396825395,5.195308237861429,0.1757774140752864
DER_SANDMANN_(HOFFMANN)_Q798227,0.7304081632653063,0.729874170826762,2.2105164997829525,67.05336880495607,19.732258064516127,5.2502860879516104,0.16683014549615824
DER_SATYR_MOPSUS_noWikiID,0.6978787878787879,0.6974954407294718,2.1893098051710247,77.76102151166198,13.56423611111111,4.9311404070139515,0.1736848841674133
DER_SCHATZ_IM_SILBERSEE_Q249905,0.7075285653829986,0.7075097251560921,2.2221508645804993,78.38039449378371,12.130801420238397,4.979903515970041,0.15263397220465486
DER_SCHATZ_noWikiID,0.7553100775193801,0.7563600403319718,2.0806066140538713,73.45017092742656,17.411858974358974,5.032167510354348,0.17745052922227336
DER_SCHIMMELREITER_Q895730,0.7174572649572651,0.7178686281217718,2.1679372253634583,73.99822928898546,13.965743440233236,4.842466468347164,0.17671311518187985
DER_SCHMIED_SEINES_GLUECKS_noWikiID,0.7506542056074768,0.7489410212926355,2.1822621884561824,62.81644007614871,21.40137614678899,5.339620619440574,0.18315293108991534
DER_SCHUEDDERUMP_Q1196819,0.7274686346863486,0.7277098746289585,2.1459969829709187,64.76044871701635,20.82383419689119,5.111127317654932,0.1800756750263833
DER_SCHUSS_VON_DER_KANZEL_Q1196769,0.7302906976744186,0.731674255691739,2.104420140105127,70.06883763739728,15.449023861171366,5.381353552372929,0.2094215108115698
DER_SCHWEIZER_ROBINSON_ODER_DER_SCHWEIZER-PREDIGER_UND_SEINE_FAMILIE_noWikiID,0.7512158469945313,0.7506326338223848,2.1579351554300428,60.68617658353686,22.576081153230113,5.29324819676008,0.18454928855780223
DER_SELBSTMOERDER_noWikiID,0.7074660633484163,0.7075427363334398,2.200162316267733,75.1281989175933,13.201265514723778,5.137489860629747,0.15279109210235234
DER_SONNENWIRT_noWikiID,0.7128850628199235,0.7129159141267024,2.1835202571733636,72.58880266641988,19.524159088418976,5.004786837039905,0.1648737071892344
DER_STECHLIN_(ROMAN)_Q1197130,0.700507152145646,0.7008739916731415,2.1050327419843047,76.10297391601179,13.295737216966089,5.062364078290904,0.1512316806984721
DER_STERNSTEINHOF_noWikiID,0.7156504854368952,0.7156432526960431,2.133839589847607,75.42580408839184,17.308326463314096,4.819671350321505,0.1672064777327935
DER_TOD_ABELS_noWikiID,0.6922107969151667,0.691383982516984,2.229650285157281,75.66967671877471,13.010150223304914,4.941673948321059,0.20790163525152916
DER_TOD_GEORGS_noWikiID,0.7068909512761024,0.7076606707670385,2.2494992857149914,68.4358064593878,17.026777469990765,5.0908351409978305,0.1920824295010846
DER_TOLLE_INVALIDE_AUF_DEM_FORT_RATONNEAU_Q1199666,0.7193478260869566,0.7185450774939728,2.211414881707089,60.54338725669972,26.102990033222593,5.033727885961563,0.19307623774977728
DER_TORSO_noWikiID,0.7031999999999992,0.7017799017477739,2.128062854449135,75.81510537054729,13.721846846846846,5.014854329093147,0.17734919983586378
DER_TROTZKOPF_Q1197625,0.7051445966514469,0.7038487648213977,2.1949710488846703,82.69613742090272,11.645374449339206,4.969131832797427,0.156326839417439
DER_UEBERGANG_noWikiID,0.7038347107438018,0.7034969629764669,2.130026477727218,81.15685305780131,11.724170393033654,4.914585675285049,0.1402561426047856
DER_UNTERTAN_Q476349,0.7185616438356196,0.7184299373968002,2.1558611246561408,73.59229462441175,12.287283401193068,5.2639828614583175,0.17259528690103726
DER_VERBRECHER_AUS_VERLORENER_EHRE_Q1197800,0.7165168539325844,0.7180644796379857,2.202281611471929,74.23242501425196,15.733887733887734,5.241675475687104,0.19780655391120508
DER_WALDBRUDER_Q1197891,0.6509933774834439,0.6501251497803114,2.401499932393771,72.49604893363737,20.77138157894737,4.83585398685565,0.18584210943067542
DER_WALDBRUNNEN_noWikiID,0.6509933774834439,0.6501251497803114,2.303371760805241,72.49604893363737,20.77138157894737,4.83585398685565,0.18584210943067542
DER_WASSERMENSCH_noWikiID,0.7258563535911601,0.7261021177513775,2.2039282497202186,63.826229087234495,16.956906077348066,5.293887658021634,0.18512967548546852
DER_WEG_INS_FREIE_Q700479,0.7025534851621833,0.7021873166016102,2.1749415867294033,74.35777687992169,13.88150765606596,5.097213501450947,0.1516367709199518
DER_WEHRWOLF_noWikiID,0.6984583901773547,0.6992047890131499,2.1680114521733453,78.21650318382002,17.849767981438514,4.573782211679069,0.16326000064992038
DER_WINTERGARTEN_noWikiID,0.7194022617124419,0.7188692687970594,2.186278242402459,64.14292966200578,21.468102564102566,4.962725856846651,0.18810972987951116
DER_ZAUBERRING_noWikiID,0.7458419689119165,0.7461578527976733,2.1236340013112396,65.3469333821039,21.806314717365474,5.214852872489491,0.18641455383345917
DER_ZWEIKAMPF_noWikiID,0.716618705035971,0.7159237049345715,2.214979047014159,41.00833575460881,34.99085365853659,5.345212163457349,0.2227934129127821
DES_DEUTSCHEN_SPIESSERS_WUNDERHORN_noWikiID,0.6522222222222223,0.6534351145038153,0.0,67.45951363243499,14.47191011235955,5.694099378881988,0.21894409937888198
DES_LEBENS_UEBERFLUSS_Q1200453,0.7240654205607477,0.7231652556246518,2.1796671719341125,66.57151900710895,18.839872746553553,5.20505459867162,0.17223910840932116
DES_REICHES_KRONE_Q1200467,0.7174752475247521,0.7186926708074355,2.1478570045211245,61.99171377960377,22.772087067861715,5.041214506606691,0.21883609783525443
DES_VETTERS_ECKFENSTER_Q979343,0.7355045871559629,0.7371679615242072,2.133358956013207,59.239582865892515,20.33112582781457,5.405211726384365,0.21118349619978286
DEUTSCHER_ADEL_(WILHELM_RAABE)_Q1204575,0.7406902654867269,0.7410409290468826,2.101763590881171,68.96635222639271,16.874598070739548,5.139227642276423,0.17570714769647697
DEUTSCHE_PIONIERE_noWikiID,0.7075983146067425,0.7081371280724551,2.098035196984915,70.03323959541355,18.29937888198758,4.982468943045279,0.1606815559025185
DE_PROFUNDIS_noWikiID,0.6635813953488373,0.6608572226358751,2.2223130095566863,87.00170833211318,9.472086720867209,4.790283817807278,0.1428816662851911
DICHTERLEBEN_noWikiID,0.7137512953367904,0.7133277663095632,2.2042444267980943,64.25246086823353,22.684240524365915,5.151823515370796,0.17601979924370909
DICHTER_UND_IHRE_GESELLEN_Q1209499,0.7403322259136221,0.7398797210859639,2.1536968899209863,66.40583611195945,22.36062666272539,5.203130370409539,0.18618301033762524
DIES_BUCH_GEHOERT_DEM_KOENIG_noWikiID,0.71220260936301,0.7119630917562815,2.195680869165299,69.08324530273072,17.98295640773517,5.173267597419167,0.20407902890679108
DIE_ABDERITEN_Q1210777,0.73075663026521,0.7307707017803801,2.2122626663202682,59.668935686460344,22.53162179085786,5.265461147960129,0.19010829187857228
DIE_ABENTEUER_DER_SYLVESTERNACHT_noWikiID,0.7153488372093022,0.7155845163292065,2.178653701403291,68.10288867187501,19.954716981132076,5.154878971255673,0.17577534039334342
DIE_ABENTHEUER_DES_DON_SYLVIO_VON_ROSALVA_noWikiID,0.7182978723404279,0.7181834975792276,2.2429195757522353,54.763432564544985,25.680472147442536,5.070453427518527,0.16028416833990533
DIE_AHNEN_Q42185371,0.7181589607486927,0.7181788402325641,2.1934184565666777,71.77802094400423,19.614312358888778,4.965220408653526,0.20649680614847699
DIE_AKTEN_DES_VOGELSANGS_Q1210969,0.737045769764217,0.7370301002416074,2.1397127071245077,66.18459495976894,20.948016415868672,5.073793508783386,0.17699013909749886
DIE_ANARCHISTEN_noWikiID,0.7181782566111683,0.7181246508893361,2.1531942994702207,67.81607116705005,16.353531528119674,5.343279952756452,0.19866146382131236
DIE_BARONIN_noWikiID,0.6919459962756063,0.6920749655352602,2.2631321485964375,72.38057418499169,18.061668681983072,5.117102943473701,0.1737296645912834
DIE_BEICHTE_noWikiID,0.747542372881356,0.7474369854875604,2.208434292306687,59.25724110704789,25.79345088161209,5.240234375,0.2224609375
DIE_BRAUTNACHT_noWikiID,0.7452173913043478,0.7377014010507931,2.135315789285535,70.53744433410573,17.52173913043478,5.0610421836228285,0.18114143920595532
DIE_CHINESISCHE_MAUER_noWikiID,0.7199201596806409,0.7198766332361257,2.090115263759285,63.95295798672561,18.688252023627214,5.4596591042120295,0.2137455516014235
DIE_CHRONIK_DER_SPERLINGSGASSE_Q1211874,0.724545454545455,0.7228727641020642,2.1174302130196576,72.22569562460015,16.61721991701245,5.179932163888716,0.19878477641134487
DIE_DREI_GERECHTEN_KAMMMACHER_Q1218123,0.7256213017751477,0.7235847046288288,2.209218600624917,54.02556441598776,27.640595903165735,5.21451189112713,0.16748635720541669
DIE_DREI_NUESSE_noWikiID,0.7156250000000001,0.7178509787413105,2.1914274766431685,66.29131945242422,18.65909090909091,5.03020706455542,0.18172959805115713
DIE_ELFEN_(LUDWIG_TIECK)_Q1169906,0.708,0.7084935708387106,2.214391229811679,67.20657026314177,20.63583815028902,4.9715686274509805,0.1676470588235294
DIE_ELIXIERE_DES_TEUFELS_Q600849,0.713632812500004,0.7140811907349315,2.170306301603405,64.34493574234095,23.23608695652174,5.1736803697397225,0.18607675467320323
DIE_ENTFUEHRUNG_noWikiID,0.7410000000000003,0.7416537800687324,2.15444358921347,66.61457693571478,22.596958174904945,5.143614336193841,0.18736328453642942
DIE_EPIGONEN_noWikiID,0.7362393162393208,0.7363853567842099,2.1750875818407684,68.21802023939965,17.957841792409695,5.3164043204375435,0.19077349276107736
DIE_ERMORDUNG_EINER_BUTTERBLUME_Q1212233,0.7051063829787234,0.7068497232865001,2.185691410292957,80.58893529436669,12.00297619047619,5.081081081081081,0.19018100669476817
DIE_EUROPAMUEDEN_noWikiID,0.7452696793002904,0.7454500579661323,2.137222445135135,69.99674179187232,16.40056777856636,5.387559394500653,0.19968496304374167
DIE_FAMILIE_noWikiID,0.7396012591815325,0.7392577932236405,2.303338346848271,55.306584223439444,22.381382978723405,5.72401459246848,0.22852152007034723
DIE_FAMILIE_SELDORF_Q977237,0.7391489361702145,0.7385303668070041,2.1559382161460356,55.688837303668535,24.04979253112033,5.189872325741891,0.19954494478951001
DIE_FAMILIE_WOREL_Q1212318,0.7407142857142857,0.743799513799525,2.087051844744661,73.84081660275208,14.194379391100703,5.215311004784689,0.16960897541659792
DIE_FERMATE_noWikiID,0.7255696202531644,0.7281039559595269,2.1332598390953934,66.02947859178167,20.45398773006135,5.253449310137972,0.17321535692861428
DIE_FLUSSPIRATEN_DES_MISSISSIPPI_Q1212508,0.7292339544513511,0.7290676110153567,2.135065787571896,66.35564111684816,23.30752244958045,5.0634063463190335,0.1625296852104492
DIE_FRAU_PROFESSORIN_noWikiID,0.7161698113207544,0.7151263203642976,2.1644507454844906,69.17876498997519,16.85407889697434,4.964686633640867,0.16072808253419987
DIE_FREIHERREN_VON_GEMPERLEIN_noWikiID,0.7204945054945049,0.7200786665199362,2.1462412300062437,71.83515867102673,15.630296610169491,5.339545916638428,0.1841409691629956
DIE_FREUNDE_(LUDWIG_TIECK)_Q1212755,0.7204081632653061,0.7227715048244667,2.19764342920039,68.77057431260424,16.535714285714285,5.179505639548836,0.16078713702903769
DIE_GEIER-WALLY_(ROMAN)_Q1212872,0.6982106782106783,0.6976636256027179,2.152299185751349,79.44739031220254,17.91530226700252,4.662296349672226,0.15610116170758712
DIE_GEIGERIN_Q1212876,0.7169387755102041,0.71573204891711,2.1782871520944735,70.61731758471515,16.276,5.223478332104531,0.1541738346850168
DIE_GESCHICHTE_DER_ANNA_WASER_noWikiID,0.7274239049740177,0.7272275316149948,2.1250354610945856,65.97459566841846,20.590243902439024,5.078233172760536,0.1696894715136838
DIE_GLUECKLICHE_REISE_noWikiID,0.7301709401709399,0.731220327363078,2.2333914274365374,67.38554973451573,22.08830022075055,5.046871876873876,0.20467719368378973
DIE_GLUECKSRITTER_noWikiID,0.7320467836257314,0.7314255580945752,2.1702533637850796,62.80578605760334,26.67037037037037,5.07526732398278,0.2014303568948757
DIE_GOETTINNEN_ODER_DIE_DREI_ROMANE_DER_HERZOGIN_VON_ASSY_Q1213243,0.7040069957248494,0.7039159371164249,2.0973882550566674,79.15966802800656,10.893685093884402,5.097106871000824,0.1749647326178749
DIE_GOLDENE_SCHMIEDE_noWikiID,0.7259459459459457,0.7261488497969963,2.14028350040089,71.73548017477766,14.843601895734597,5.393199233716475,0.21008939974457216
DIE_GUENDERODE_noWikiID,0.6920479178551129,0.6918384979740253,2.2133645554848447,63.9044028423406,25.039299081320177,4.801102044421494,0.16343142117528758
DIE_GUTE_SCHULE_noWikiID,0.6809486780715397,0.6813267625809589,2.1860723102208115,74.62696914188344,17.057251908396946,5.003673454165734,0.14889609905273365
DIE_HANNA_noWikiID,0.6803196347031963,0.6797081195014277,2.1657045405639406,82.99782968241402,14.519592476489029,4.652992929238409,0.11777405948075781
DIE_HEILIGE_CAECILIE_ODER_DIE_GEWALT_DER_MUSIK_Q302229,0.7125490196078433,0.7143408551068788,2.1876967255454622,27.868334225561583,33.53543307086614,5.508570086874853,0.21389997652030993
DIE_HOCHZEIT_DES_MOENCHS_Q1213463,0.7227544910179637,0.720999760321143,2.1401138911167603,72.42853131056158,15.121228743828853,5.3083145904374955,0.20935210041355293
DIE_HOSEN_DES_HERRN_VON_BREDOW_noWikiID,0.6897279411764728,0.6894511751075203,2.1858334837937528,81.76694518187566,14.180967038604592,4.76144308079118,0.17382810733569085
DIE_INNERSTE_Q1213605,0.7279701492537307,0.7276918707208282,2.148770431804412,69.03468076372495,19.074319840743197,4.967437815272222,0.19439902591755087
DIE_INSEL_FELSENBURG_Q1664415,0.7699869195552571,0.770151244562084,2.211281207798951,42.934444948647865,35.71574973031284,5.549753084555325,0.18667411691861607
DIE_JUDENBUCHE_Q1213685,0.7232835820895523,0.7242456315526562,2.1489658830623086,76.92527654525526,14.297703180212014,5.071362372567192,0.1834414581402533
DIE_JUDEN_VON_BARNOW_Q57166842,0.719010989010989,0.7184080866106759,2.1607385536077803,76.05379848617572,15.613682092555331,5.000386597938144,0.18221649484536082
DIE_KAESEREI_IN_DER_VEHFREUDE_noWikiID,0.6970430379746944,0.6969421269913797,2.1887655712203995,72.42337047074257,19.25628199162401,4.8299552338893355,0.15430111099699748
DIE_KINDER_VON_FINKENRODE_Q1213860,0.7044152431011831,0.7046498348836464,2.1516274911741493,71.8296931446957,15.083333333333334,5.258916604007977,0.209274575827912
DIE_KLEINE_STADT_Q1218726,0.6907491166077763,0.691142075266173,2.1006941862847035,80.87237755125312,10.469383886255924,4.895583601926629,0.17822221417448303
DIE_KLUGEN_JUNGFRAUEN_noWikiID,0.7178270509977849,0.7175814861657067,2.1314746437267154,71.68994844838276,12.295729657027572,5.546879059273945,0.22003144869077734
DIE_KOENIGSBRAUT_noWikiID,0.7383173076923077,0.7383897445801771,2.185083001628369,63.128981957876476,24.803072625698324,5.2987217748747115,0.18976293710231432
DIE_KRONENWAECHTER_Q1214104,0.7207593778591136,0.7206754109766155,2.1995501811673996,57.59469103701667,25.532462173314993,5.002806794489848,0.18326051470469398
DIE_LEHRLINGE_ZU_SAIS_Q1214361,0.7066935483870967,0.7069334415584072,2.2541927006451554,60.070784784426706,23.718061674008812,5.405460624071322,0.21517459138187223
DIE_LEIDEN_DES_JUNGEN_WERTHERS_Q151883,0.6966458333333334,0.6966943320681991,2.171658877613185,75.7467930981694,16.56140350877193,4.869400726392252,0.1694915254237288
DIE_LETZTE_RECKENBURGERIN_noWikiID,0.7350368324125246,0.734766324132547,2.1757651114020735,67.39896705062041,17.739122063919908,5.404821081650152,0.20766901461953396
DIE_LEUTE_AUS_DEM_WALDE_Q1214404,0.7318523489932893,0.7313386143930849,2.1346256560292267,67.01846649720679,16.355210355987055,5.239314886342051,0.20469511809029317
DIE_LEUTE_VOM_BLAUEN_GUGUCKHAUS_noWikiID,0.6991573816156018,0.6993908735550787,2.1641975114980205,75.47222988965207,16.370416322029225,5.034113396939815,0.15858392771429294
DIE_LEUTE_VON_SELDWYLA_Q936322,0.7347838479810017,0.7342303288307974,2.1604550041227206,60.49960169307232,25.134441087613293,5.218287812313895,0.1739232580629299
DIE_LIEBENSWUERDIGE_ADALIE_noWikiID,0.7721653543307068,0.7729806745202855,2.2268751302468726,40.62705461511051,16.57748295559241,5.41241135540093,0.1941733543783207
DIE_MAEDCHENFEINDE_noWikiID,0.7108722741433016,0.7115179573512286,2.1473360281828433,69.44454388258661,15.254799301919721,5.307783243717347,0.18293101475803683
DIE_MAJORATSHERREN_Q1214690,0.7204545454545455,0.7199622444993782,2.1835384803753706,62.04279711527845,20.62779552715655,5.166576318438783,0.19979865252071555
DIE_MANDANEN-WAISE_noWikiID,0.7373813786929297,0.7375700486769695,2.22434039379899,55.13426954741864,25.47352862133835,5.431404095498328,0.17687024591979914
DIE_MARZIPANLIESE_Q1214732,0.7363414634146342,0.7367382157448437,2.198116942770607,49.28339277589281,29.071428571428573,5.433274833274833,0.20414180414180413
DIE_MEHREREN_WEHMUELLER_noWikiID,0.7178125000000001,0.7170406951303042,2.1785766797780717,63.46160112939319,21.157894736842106,5.060579455662862,0.18642083699151302
DIE_MOLKENKUR_noWikiID,0.7469509043927647,0.7469875968992213,2.168472740840256,61.87724259375116,23.766536964980546,5.194320414359707,0.18379770197058998
DIE_NACHBARN_noWikiID,0.6969152542372886,0.6963279192522523,2.2070151929844397,77.32200592291133,15.14644877435575,4.894071430547487,0.15939082081500539
DIE_NAECHTE_TINO_VON_BAGDADS_noWikiID,0.7305813953488371,0.7325934606820484,2.17653370500662,70.41617098205052,18.194647201946474,5.29981278416689,0.2325488098422038
DIE_NARRENBURG_Q21328513,0.6938915094339614,0.6951842937372688,2.186326928161932,62.65411770329496,24.49965156794425,4.962141252097733,0.16852973803225532
DIE_NIHILISTEN_noWikiID,0.7331339712918657,0.7337555922390143,2.196779159944936,65.95758194121827,16.767085076708508,5.37777962624078,0.1955026895136694
DIE_PFRUENDER_noWikiID,0.7047019867549669,0.7055947868874061,2.1647946049133284,77.19765396782664,13.167019027484145,5.028821451509312,0.15036929993577391
DIE_POGGENPUHLS_Q1215465,0.7009230769230768,0.7008319010850576,2.1931559481462704,75.32345897253609,14.377546401086464,5.01338203343934,0.15113350125944586
DIE_RICHTERIN_(NOVELLE)_Q1215781,0.6962724014336916,0.6952553038474929,2.153454922595962,81.97765322750098,12.053705692803437,4.963197291035466,0.1976474781678845
DIE_RITTER_VOM_GEISTE_noWikiID,0.7282774527452596,0.7283494444276756,2.1715876315131095,71.50124807094791,14.76736817399468,5.26299038436068,0.18482674768815907
DIE_ROSE_VON_DISENTIS_noWikiID,0.7299014238773293,0.730257092781261,2.091598387797657,70.11998402866985,13.167589069526116,5.396130506738119,0.2018519734681815
DIE_SCHRIFTEN_DES_WALDSCHULMEISTERS_Q56071834,0.709237691900486,0.7094446827552938,2.142758485900939,78.30480401996465,14.110334454078924,4.960551810628625,0.19309609656686
DIE_SCHWARZE_GALEERE_noWikiID,0.7060846560846555,0.7054700446143796,2.1339063732341366,71.21324941738997,14.888252148997134,5.119258403900436,0.2075314344367462
DIE_SCHWARZE_SPINNE_(NOVELLE)_Q502598,0.6995738636363623,0.6996599356326655,2.239997471844069,65.87341625996906,23.011372251705836,4.814872166578809,0.1900369003690037
DIE_SERAPIONSBRUEDER_Q321013,0.7202012609117381,0.7198096891690386,2.165892363808252,63.41657965445037,24.27741981165475,5.216218975121766,0.18032782104004433
DIE_SOEHNE_DES_SENATORS_Q1216642,0.7344736842105266,0.7355559952512827,2.17266828147533,67.12431531940015,15.97724399494311,5.22424434245925,0.19093210951099857
DIE_STEINKLOPFER_Q1216451,0.72013698630137,0.7213560834935319,2.1484998402265574,74.33574143425763,14.400954653937948,5.050215445807093,0.15860125952933377
DIE_TOTEN_SCHWEIGEN_Q1216835,0.6525641025641026,0.6519352767432859,2.2611008648738666,89.61375780902752,10.0,4.555483870967742,0.12806451612903225
DIE_VERLOBUNG_IN_ST._DOMINGO_noWikiID,0.700745341614907,0.7010546704154395,2.190613883496813,57.13935235148638,26.282565130260522,5.061990087685856,0.1963400686237133
DIE_VERLORENE_HANDSCHRIFT_noWikiID,0.7106755440078055,0.7107467103238237,2.19100337231048,72.65127230092803,17.675634657836646,5.121490877158747,0.20161498052500526
DIE_VERSUCHUNG_DES_PESCARA_Q1217221,0.7152297592997814,0.7146318466868031,2.153143524760908,72.19299757076148,14.695260477869173,5.265106485060106,0.1874083748700589
DIE_VERWANDLUNG_Q184222,0.7184684684684683,0.7207745367656682,2.204542864909225,60.91242633352283,21.904,5.144578941876239,0.16638839611812584
DIE_VERWIRRUNGEN_DES_ZOEGLINGS_TOERLESS_Q1112285,0.7182978723404257,0.7177895237158756,2.1639830908447126,72.40371239488995,14.514375177910617,5.197219008021338,0.1526603777285297
DIE_WAFFEN_NIEDER_Q212687,0.7317732742241956,0.7322499018229134,2.137271137752483,68.73873575673213,15.956339417858905,5.422336963663207,0.18566327082721412
DIE_WAHLVERWANDTSCHAFTEN_Q951198,0.7231803628601936,0.7224476091853415,2.24539533941066,65.28891071316029,17.637577916295637,5.307820467511486,0.16559802090170142
DIE_WASSERNOT_IM_EMMENTAL_noWikiID,0.7155830388692577,0.7143016700350503,2.2947943384221077,62.45316562122987,23.391801715919925,5.097685222919553,0.2155432390577879
DIE_WEISE_VON_LIEBE_UND_TOD_DES_CORNETS_CHRISTOPH_RILKE_Q18209936,0.6487878787878788,0.6481614210034364,2.2484963205539725,88.626802502892,8.21405750798722,4.645525291828794,0.18864255153636716
DIE_WIEDERTAEUFER_noWikiID,0.7428989361702124,0.7441671326995082,2.1669760872123263,73.13935492664471,16.315040650406505,5.21807649184004,0.19583904322910178
DIE_WISKOTTENS_noWikiID,0.6754667721518999,0.6758520025006514,2.1199742736523475,83.33447159312371,9.235383303326069,4.949477226788151,0.18275002308615754
DIE_ZAUBEREI_IM_HERBSTE_Q1217663,0.7528070175438595,0.751242947813814,2.204693492769611,70.088710683418,18.82264150943396,5.199679230152365,0.18664795509222132
DIE_ZWEITE_FRAU_noWikiID,0.7488983774551665,0.7483604246922652,2.114204884374972,65.27888923776909,19.912344925767744,5.339829426484858,0.1841812295090339
DIE_ZWOELF_APOSTEL_noWikiID,0.7434745762711867,0.7424686210270999,2.163741709309127,67.32423868931193,21.233050847457626,5.218170025942926,0.17850728397525445
DON_JUAN_VON_KOLOMEA_noWikiID,0.6766999999999999,0.6756021100225752,2.2011230410018654,87.66501962741891,10.921139827700465,4.608555825242719,0.1669902912621359
DORFGAENGE_noWikiID,0.7007597027250217,0.7007304517397255,2.1152231487774666,73.37487779419993,21.05099826388889,4.745739822479717,0.15599517540694618
DRAUSSEN_IM_HEIDEDORF_Q84314019,0.7356097560975611,0.733662514341894,2.1409825020846527,74.67758465932273,14.450704225352112,4.901267056530214,0.16988304093567252
DREI_FEDERN_Q1256990,0.730763888888888,0.7302121333310038,2.1271023274570324,57.01133619761862,21.324254215304798,5.21405835005981,0.1867688502321432
DSCHINNISTAN_Q1262121,0.727769784172665,0.7273624072702026,2.2343285761835348,59.26891875566683,23.303048180924286,5.120932352146908,0.17670638671347555
EDUARD_ALLWILLS_PAPIEREN_noWikiID,0.7265999999999998,0.7271812529250293,2.141334509057405,68.66132100730175,16.364473684210527,5.066897161694943,0.17745437002492562
EEKENHOF_noWikiID,0.7428571428571428,0.7419745305698155,2.18564535256715,68.15524752925826,16.212269938650305,4.975554378263831,0.19268901839097857
EFFI_BRIEST_Q1296168,0.6948674080410631,0.6947324071381145,2.2131630332769094,76.79363866524429,14.335588633288227,4.924316954218889,0.14278522434082186
EIGENSINN_UND_LAUNE_noWikiID,0.7275696202531642,0.7279641507998504,2.1678182095309344,68.94387243721353,19.616550116550115,5.112411621412869,0.1686471392074149
EINE_AEGYPTISCHE_KOENIGSTOCHTER_noWikiID,0.7398438142211292,0.7389314003149045,2.124716152996229,69.69329544559393,15.945984363894812,5.301871000970662,0.21474416116954895
EINE_AUSSCHWEIFUNG_noWikiID,0.7036971046770603,0.7042468013017449,2.2157971200392583,72.67143318618427,16.100665188470067,5.141845925028232,0.14506844410168837
EINE_GESCHICHTE_AUS_DEM_BREGENZERWALDE_noWikiID,0.7363547169811344,0.7363255108279771,2.1955766887861716,74.26177032030935,19.511265164644715,4.935095043524605,0.14580742583052053
EINE_MALERARBEIT_noWikiID,0.7370535714285715,0.7361860674157253,2.1805504002594525,72.56106819599027,15.08723747980614,5.08287825248956,0.1780704572224007
EINE_STUNDE_HINTER_MITTERNACHT_Q1306645,0.7144565217391303,0.7140553799192961,2.2617062236832037,72.23026974748471,17.107642626480086,5.2557100610331595,0.2277103127162902
EIN_ABSCHIED_Q1304285,0.6794666666666666,0.6801061685257226,2.2458624750753926,84.43419149743788,12.482897384305835,4.655222437137331,0.1336234687298517
EIN_BEKENNTNIS_noWikiID,0.7131067961165048,0.7125602101882782,2.196150455559374,72.91717780118225,14.804770318021202,4.869502953636852,0.15257473596276627
EIN_BRIEF_(HOFMANNSTHAL)_Q1304342,0.7195454545454547,0.7184222631094764,2.2047659892780778,51.04602598246571,26.34931506849315,5.407070444502209,0.192617624122693
EIN_DOPPELGAENGER_Q19188654,0.7137916666666665,0.7144855365863474,2.1869827958940378,75.64598707038098,13.55939226519337,4.8195477233370685,0.16726087399409187
EIN_FEST_AUF_HADERSLEVHUUS_noWikiID,0.7209811320754713,0.7216839476273095,2.145725233943286,78.45515900281843,12.612543962485345,4.784774829204815,0.19491564809220616
EIN_GRUENES_BLATT_Q111150981,0.7107407407407408,0.7089527217931757,2.201906998992087,77.56926740609403,12.445682451253482,4.90756490599821,0.18800358102059087
EIN_KAMPF_UMS_RECHT_Q95606786,0.7169064327485428,0.7170126328969912,2.1499463182721077,76.82844585688073,15.018371293510958,5.022497871822936,0.18025480896481175
EIN_KAMPF_UM_ROM_Q636812,0.701207547169826,0.7010674903583318,2.1139058314505017,77.61338533529799,13.517210606833249,5.106131341425459,0.2042790180045082
EIN_WORT_noWikiID,0.7083128295254862,0.7081562403833572,2.1277207866300327,74.27064089819443,16.86706735018561,4.882358489577329,0.18369892157581982
EKKEHARD_noWikiID,0.7421338672768876,0.7420561271788473,2.0935168738770646,72.59165192079529,15.867542419266558,5.15441876509141,0.2132528458088996
ELEAGABAL_KUPERUS_noWikiID,0.7021550591327342,0.7023954089014631,2.192936437483517,74.65148939751563,15.595161192028765,5.086135545664501,0.18405555273328358
ELISA_ODER_DAS_WEIB_WIE_ES_SEYN_SOLLTE_noWikiID,0.7010607734806649,0.7007776046329746,2.2777981094431397,71.36358946144334,12.48558981233244,5.092895294843922,0.18044931153877125
ELLEN_VON_DER_WEIDEN_noWikiID,0.6912727272727273,0.692073532354555,2.134416988306709,81.66660137856584,11.919115664599623,4.926755338400289,0.1530718422005067
ELLERNKLIPP_Q1332021,0.6792688172043011,0.6797586444472892,2.2144328051893925,80.77002614336217,15.062863795110594,4.643687044336245,0.14952211659839762
ELSE_VON_DER_TANNE_Q1333755,0.7186029411764703,0.7172195157956632,2.2043428669242897,62.54573293751834,20.137989778534923,5.029016157685475,0.21927078927332713
"ELSI,_DIE_SELTSAME_MAGD_Q1333830",0.6873451327433631,0.6888511957484248,2.278499653272027,68.15503877050817,22.876190476190477,4.818692756036636,0.15632805995004162
ERINNERUNGEN_VON_LUDOLF_URSLEU_noWikiID,0.734412331406552,0.7344126176643758,2.200115467834826,61.33826528131338,23.66017372992893,5.120353785392446,0.14622017021750014
ESCH_ODER_DIE_ANARCHIE_noWikiID,0.7115437788018449,0.71124445264146,2.1578218156526217,65.56393494820126,19.6437802907916,5.147018106555916,0.15794234960319092
EVREMONT_noWikiID,0.7289326061550535,0.7290015389112848,2.3113485709092663,57.38013658212162,26.790627996164908,5.180897463999893,0.1857422128379134
"FAUSTS_LEBEN,_THATEN_UND_HOELLENFAHRT_Q1368395",0.7225664893617028,0.7226400936618818,2.2130944199736784,70.19377622101136,19.813095604057793,5.099872773536895,0.21474896046670391
FELICITAS_noWikiID,0.709256756756757,0.7091725225224935,2.114680252246686,76.03828260732149,13.33030303030303,5.1117015230734255,0.20075585360309162
FLEGELJAHRE_Q1299976,0.7392849576271208,0.7388365169670622,2.0874047496810255,63.62416786301647,20.781023818923543,5.194225971098192,0.19469968020770667
FLORENTINISCHE_NAECHTE_noWikiID,0.7254222222222221,0.7248472722422085,2.16841707343684,60.47464026496988,21.928246013667426,5.411883862255233,0.18693190671583648
FLORENTIN_noWikiID,0.7081259150805272,0.7102917313494166,2.2599408422614875,69.2652329137703,17.83040752351097,5.106788094024156,0.15951405615429246
FRAGMENT_EINES_ROMANS_noWikiID,0.7198841059602654,0.7211084405251257,2.185898303661324,63.14171699793569,24.84358353510896,5.118771929824561,0.18225410315387314
FRANZ_STERNBALDS_WANDERUNGEN_Q1449176,0.7135761047463205,0.7138915223709724,2.1919942434984425,68.10177243586593,20.523485908454926,5.032440908072732,0.1669669552683606
FRAU_BEATE_UND_IHR_SOHN_Q1451452,0.7139274924471295,0.713571212304683,2.1801464653868354,74.24335297094117,15.279403644395362,5.031729970004698,0.1586137111054895
FRAU_BERTHA_GARLAN_Q1451457,0.673933884297521,0.6741531997948754,2.1944919791857354,80.3082536630589,13.61749859786876,4.7993410214168035,0.13875617792421746
FRAU_JENNY_TREIBEL_Q351933,0.7083795013850418,0.7079156967077052,2.2176978404771113,70.70033375227061,16.769296013570823,5.137813595899649,0.15202400822753864
FRAU_SORGE_noWikiID,0.6971376370280155,0.6973960884665035,2.205323770022095,78.92358717836373,16.130688732051595,4.894781309877642,0.1671670614504911
FRAU_VON_SAVERNE_noWikiID,0.7191666666666667,0.7180559615786156,2.209525399837542,60.06914074118495,22.058201058201057,5.133845046773807,0.18997361477572558
FREIGEBOREN_noWikiID,0.7359019118869493,0.7363632357465555,2.115720434178163,72.26417423185379,15.098770916629647,5.113563029001285,0.1612855769796591
FREIHEIT_DIE_ICH_MEINE_noWikiID,0.7143752665245305,0.714750301805075,2.16409451153894,73.86447888881902,14.326320468182828,5.233718218531369,0.17755221287443573
FREUDEN_DES_JUNGEN_WERTHERS_Q1455757,0.7070422535211269,0.7059963230094591,2.1479311727790624,77.55253599333265,16.0803324099723,4.96244616709733,0.18828596037898362
FRIDOLIN_UND_SEIN_GLUECK_noWikiID,0.7215428571428575,0.7203912893587476,2.153815949589079,75.8887303861688,14.469408224674021,5.054207680576736,0.14848190766671288
FRUEHLING_noWikiID,0.647588652482269,0.6469364943755986,2.2217434609567497,73.94242456059655,12.925842696629214,5.259735744089013,0.21818497913769125
GABRIELE_noWikiID,0.7404350250976024,0.7405197463454752,2.1956122470711334,61.34316997151339,22.802285883924597,5.292873928355217,0.17570092241194124
GEHEIME_GESCHICHTE_DES_PHILOSOPHEN_PEREGRINUS_PROTEUS_noWikiID,0.743455210237661,0.7436372701491164,2.2099133830617217,48.643538962636754,27.657193085262232,5.310083268004322,0.1831048583596415
GELD_UND_GEIST_noWikiID,0.681320987654325,0.6812095932619235,2.239085633797339,68.18256912279061,22.92277927321669,4.625153207635795,0.15193793898116004
GESCHICHTEN_AUS_DEN_TIROLER_BERGEN_noWikiID,0.731802949061664,0.7320126583127302,2.137623514555403,68.84827996030684,18.984571599760336,5.345523548023134,0.22082830339037882
GESCHICHTE_DES_AGATHON_Q1517277,0.7266929963138549,0.7266458033687409,2.221817819460354,45.20155733490235,27.058549567531603,5.3922520838968255,0.1862413632004721
GESCHICHTE_DES_FRAEULEINS_VON_STERNHEIM_Q1517346,0.7278717948717974,0.727847431249146,2.245325997618533,65.11533393440266,18.670157068062828,5.1249799695537215,0.19786074833747297
GESCHICHTE_EINES_DEUTSCHEN_DER_NEUSTEN_ZEIT_noWikiID,0.708168604651162,0.7076532333100479,2.245979353318115,71.410659838982,16.613714285714284,5.028857398362798,0.17744376418793423
GESCHICHTE_EINES_WIENERKINDES_noWikiID,0.7338536585365852,0.7337444417297829,2.128870272305122,69.59038565603258,14.892605633802816,5.283485045513654,0.15817472514481618
GESCHICHTE_VOM_BRAVEN_KASPERL_UND_DEM_SCHOENEN_ANNERL_Q1517619,0.7016551724137928,0.6991939947419139,2.2713861886308027,75.11942839682362,18.14666666666667,4.679320760878439,0.17756551555228997
GESCHICHTE_VOM_GALGENMAENNLEIN_noWikiID,0.7542735042735044,0.7551868998628328,2.1471210613844005,68.75762014152369,21.26595744680851,5.151875937968985,0.16528264132066034
GESCHWISTER_TANNER_Q1510146,0.6850143815915652,0.6857249755367931,2.2361847376109796,74.59927724160245,16.985405720957385,4.970396847218403,0.15621849509669142
GESPRAECHE_MIT_DAEMONEN_noWikiID,0.7026348808030118,0.7022824122873307,2.186972298241946,68.14809533051482,19.57459738681252,5.265429990686123,0.23770568146538343
GIB_MICH_FREI_noWikiID,0.7039659685863879,0.7046638809567743,2.1840317710511457,80.75880566458008,10.978421052631578,4.975709925371942,0.1481694552311552
"GOCKEL,_HINKEL_UND_GACKELEIA_Q1478745",0.711032148900172,0.7112094862329488,2.2310336462169373,61.70937846865347,22.775085714285716,5.044118827780008,0.20095141558193916
GODWI_Q1533941,0.6902223634053415,0.6907960929357024,2.279242644875385,67.96405043921028,20.167528124049863,4.89681295321946,0.17693838476730336
GOLDELSE_(MARLITT)_Q93955765,0.7332889258950894,0.7337080917150203,2.1825488930378025,67.08408216393185,19.149865848984284,5.286787958848725,0.17808534486209518
GRANDISON_DER_ZWEYTE_noWikiID,0.7300113442994957,0.7302213345891191,2.1973541649554043,68.57183263207861,17.25493533015657,5.12465397639478,0.17370549363842588
GRETE_MINDE_noWikiID,0.6722556390977439,0.6720685237747911,2.208523222147733,83.09386328808023,13.200644641418211,4.6678976925894275,0.1514772311073129
GRILLPARZERS_LIEBESROMAN_noWikiID,0.71066592674806,0.7106234865483638,2.14574187310393,73.4854336764219,14.611338398597312,5.196813333333333,0.17666666666666667
GROENLAENDISCHE_PROZESSE_noWikiID,0.7372279792746117,0.736459513776348,2.2030757951394624,58.83903096736749,21.504777070063696,5.352595335061088,0.23623843021103294
GROSZMUETHIGER_FELDHERR_ARMINIUS_noWikiID,0.7595238573077352,0.7593714414503457,2.2260365057351033,54.868960328908386,13.222761653210073,5.5006965839297095,0.23234805248752816
GUTMANNS_REISEN_Q1557236,0.7248915989159901,0.7254189194682983,2.180406225454208,67.6911207610036,18.579552329098608,5.2113506121385775,0.17467113831727013
HALBTIER_noWikiID,0.6880900900900906,0.6882554680033608,2.1235102076885584,80.88188594533557,11.08241082410824,4.965682574916759,0.17223085460599333
HAMMER_UND_AMBOSS_noWikiID,0.7056377079482536,0.7058696355456646,2.1584171612523377,66.78200522398512,20.261515490854798,5.030382862385457,0.16294956209032324
HANS_UND_HEINZ_KIRCH_Q1489200,0.7310661764705882,0.7300747697974023,2.1764153695514965,71.62279016713133,14.39707750952986,4.919553417766206,0.16733595163496756
HASTENBECK_noWikiID,0.7368704512372638,0.7360190795222777,2.1145346397234817,62.083396776040104,22.504969418960243,5.186656022285258,0.21339153771678018
HEIDI_(ROMAN)_Q271697,0.6897879282218603,0.6905237893087025,2.2825940221132495,70.78501931373678,19.445499430307635,4.787421875,0.1436328125
HEINRICH_JUNG_STILLINGS_JUGEND_noWikiID,0.7119434628975257,0.7116900760657822,2.2049016021672347,77.05010379044653,13.57514450867052,4.866382797530338,0.17087502661273152
HEINRICH_VON_OFTERDINGEN_Q58178849,0.7186170212765971,0.718863007380068,2.2257121359637146,70.31600665459217,15.877597402597402,5.249146269145042,0.20469091875754045
HEITERETEI_noWikiID,0.6758670520231224,0.6754503301682699,2.204646340944637,82.86744246828478,13.445673076923077,4.772624879322058,0.1509874733316647
HERMANN_VON_UNNA_noWikiID,0.7232666236281509,0.7236956381385162,2.2653165163764304,65.81355340501116,21.352283770651116,5.139498896297476,0.17639517860258366
HERRMANN_UND_ULRIKE_noWikiID,0.7264800261951616,0.7266570479648817,2.1366536000647733,66.85496780377257,18.010307124451565,5.149503112795329,0.1818993851745872
HERRN_DAMES_AUFZEICHNUNGEN_noWikiID,0.7231339712918663,0.7239107498261385,2.1728405770795938,69.31804680283079,18.705149051490515,5.0972733331401585,0.1389122308829069
HERR_LORENZ_STARK_noWikiID,0.7112154696132604,0.7099265818114553,2.20174072768668,75.7586061544816,13.609163591635916,4.939196059380437,0.17002959983731386
HESPERUS_ODER_45_HUNDPOSTTAGE_Q1527881,0.7383774492952946,0.7384028002229294,2.1425917390188385,57.23203434061328,25.405205225799815,5.245902236763253,0.2039285077987075
HOEXTER_UND_CORVEY_Q1649221,0.731104294478527,0.7318347214111975,2.105138807214837,68.8101570822752,16.765174739423667,5.119258338209479,0.2004461673493271
HOLLAENDISCHE_LIEBHABEREIEN_noWikiID,0.724385026737968,0.7239581773451444,2.1855215536100085,60.4636035631175,27.294627383015598,5.171566448663407,0.18794844117086798
HOLLINS_LIEBELEBEN_Q1624844,0.7328052805280527,0.7326034602533733,2.1641993612213195,62.50008560494989,22.181509754028838,5.232334047109208,0.1997935148363414
HOMO_SUM_noWikiID,0.7127411167512716,0.7125300739657272,2.145962583506851,71.17318150127507,19.69743101807802,4.94115302869288,0.1779175925031398
HUMORISTISCHEN_SKIZZEN_AUS_DEM_DEUTSCHEN_HANDELSLEBEN_noWikiID,0.7057289002557546,0.7057358925143746,2.2017267669745046,69.03263334860198,16.02220029600395,5.321070955417937,0.20451396372817687
HYPERION_(HOELDERLIN)_Q1190094,0.6836347826086957,0.683091864796157,2.1749711768527216,78.13127743514939,15.225663716814159,4.7463777141196495,0.17648524100137003
IMMENSEE_noWikiID,0.7104347826086954,0.7104339130434624,2.229760638721127,75.14460214724743,11.513253012048192,4.975094181665969,0.16795730431142739
IM_ALTEN_EISEN_Q1474111,0.7258320373250385,0.7253219304935236,2.156687809640806,68.73572469354099,19.277227722772277,5.0664942402230535,0.1860921564311395
IM_HAUSE_DES_KOMMERZIENRATES_noWikiID,0.7454996353026996,0.7456127445614501,2.1294540813681024,65.39489611583475,18.66542630642291,5.35950975548448,0.18621664023021384
IM_NACHBARHAUSE_LINKS_noWikiID,0.7353982300884954,0.7368311988616153,2.1630725276499443,69.12841728855724,14.36447166921899,5.213539445628998,0.17665245202558635
IM_REICHE_DER_HOMUNKULIDEN_noWikiID,0.7038007736943926,0.7030654024768108,2.2157315665675887,69.33279774168166,14.418858899897506,5.445496226616276,0.20871244431807412
IM_SCHLARAFFENLAND_Q1285424,0.7203602192639014,0.7204978495718648,2.1108227607885186,74.09736887624173,12.22742830166411,5.329980792062006,0.17176143547966757
IM_SIESGESKRANZE_noWikiID,0.7279054054054048,0.7257020524670184,2.219730792951164,57.102562153888854,25.835643564356435,4.893232160649958,0.17268337548861806
INNOCENS_Q1664115,0.7407650273224042,0.7418539418177617,2.125716212337285,71.08594726846732,17.324532453245325,5.247777495554991,0.1793243586487173
IN_ST._JUERGEN_Q105232019,0.7404635761589403,0.7398027587125824,2.203885747488228,74.52419884868189,14.748283752860411,4.950271528316525,0.17564003103180761
IRRUNGEN_WIRRUNGEN_Q669599,0.6925791139240511,0.6918740999794496,2.182832243767617,78.96070008519914,14.174951936281241,4.88049059309062,0.14996803007110887
ISABELLA_VON_AEGYPTEN_Q35783041,0.7266170212765959,0.7258847964552542,2.211977886245288,55.37932882432467,26.772,5.038274771521777,0.176453010608098
ISEGRIMM_noWikiID,0.7035765636233096,0.7036336281280652,2.1899441389352807,74.70006142148962,15.275003347168296,5.050018187635038,0.18543856112333354
JAKOBS_DES_HANDWERKSGESELLEN_WANDERUNGEN_DURCH_DIE_SCHWEIZ_noWikiID,0.6896590909091018,0.6902432333293209,2.266652224147462,63.63998001718939,28.421261199172985,4.920202963214433,0.1714810526379602
JAKOB_DER_LETZTE_Q15507850,0.6915000000000023,0.6924475254951047,2.1314966156371375,79.58157224658773,13.930905195500804,4.958411831801812,0.18344931882553475
JAKOB_VON_GUNTEN_Q1679462,0.6732882011605416,0.6732678612895221,2.184950079734764,78.67925094079848,12.311934636708491,5.053310261454951,0.14940866968454483
JENNY_noWikiID,0.7219009009009029,0.7221108046226177,2.1871395346196554,66.59767999893354,20.677405311275578,5.094376368536298,0.1631821627084386
"JUDITH,_DIE_KLUSWIRTIN_noWikiID",0.7095970695970689,0.7089175314436587,2.1593481095978713,71.20796710264473,17.770440251572328,5.247749242373969,0.21830207043001237
JUERG_JENATSCH_Q1411041,0.7538617401668648,0.7537326446872389,2.176231870165418,63.211072949189045,19.656122170711754,5.522274171395274,0.20467820030799538
JULCHEN_GRUENTHAL_noWikiID,0.7326723404255345,0.7330225784197991,2.1625033994919116,72.13992175729649,15.164576559838984,5.145772713814614,0.17374525258300322
JUNGFER_MUTTER_noWikiID,0.7021008403361351,0.7020629216316291,2.1702137977313005,76.71835907193845,19.85721518987342,4.821587026365444,0.1556683155693814
KINDER_DER_EIFEL_Q111345448,0.710584239130435,0.7103036852765761,2.1287386006853173,79.86453694700256,12.415355569540592,4.854994593133279,0.1931265206812652
KINDER_DER_WELT_noWikiID,0.7365923448532194,0.7364180313855327,2.1338582645457285,71.60782951437993,18.403836891956974,5.049072289051528,0.16204121687929343
KLEIDER_MACHEN_LEUTE_Q1746163,0.736606060606061,0.7368999878478528,2.1469376685176313,59.45383209194026,22.352664576802507,5.332935979244092,0.18694341210293808
KLEIN_ZACHES_GENANNT_noWikiID,0.7163723150357991,0.715134676513431,2.2169977766034457,65.73937050961584,22.230869001297016,5.27392065344224,0.18879813302217036
KRAMBAMBULI_(ERZAEHLUNG)_Q1385007,0.7228888888888889,0.7219723028813917,2.1201159768581515,73.83667257914107,17.580645161290324,5.047968545216252,0.19370904325032764
KREISLERIANA_noWikiID,0.7362432432432434,0.7357175373942992,2.1229156254320585,57.49716548145709,25.85973597359736,5.3482228319826435,0.19331886924893116
KRIMINAL-HUMORESKEN_noWikiID,0.7520270270270256,0.7512490842903434,2.0833341500534783,61.62917755078334,19.96965664093692,5.539319702503132,0.20895422920054382
KUSS_VON_SENTZE_noWikiID,0.6706249999999999,0.6698356828589179,2.352600833376084,79.16830721275407,15.470588235294118,4.844106463878327,0.1808196028728348
L'ADULTERA_Q1744488,0.6907462686567166,0.690561489337844,2.200383634941688,76.23459507114401,13.95594294770206,5.023324475937407,0.14993981513024915
L'ARRABIATA_noWikiID,0.7071604938271603,0.7070404753063239,2.1998564644065866,85.84142853362755,12.923507462686567,4.551032192868486,0.14753861700591886
LA_SIBYLLE_noWikiID,0.7300533130236123,0.730175353067515,2.1453463007278137,72.86389154188859,15.329615861214375,5.161731289126003,0.1751048599322789
LEBENS-ANSICHTEN_DES_KATERS_MURR_Q1314475,0.7153468385512637,0.7156261702898121,2.1742098978962825,64.10862220821481,25.09080696498783,5.243205730915603,0.18609805238415045
LEBENSGESCHICHTE_UND_NATUERLICHE_ABENTHEUER_DES_ARMEN_MANNES_IN_TOCKENBURG_noWikiID,0.7427568270481142,0.7416931781231426,2.1711061035471695,76.65963972436693,13.866275277234182,4.924589546972762,0.16941870129055528
LEBEN_DER_SCHWEDISCHEN_GRAEFIN_VON_G_noWikiID,0.7125044722719142,0.712771082179764,2.295830638215173,77.00504232776206,15.905031656114629,4.919360583268735,0.15499361002283632
LEBEN_DES_QUINTUS_FIXLEIN_Q1810877,0.7432186459489462,0.743136249070103,2.148269722468996,52.66812263538367,26.70224525043178,5.361059726013221,0.2094226614749751
LEBEN_DES_VERGNUEGTEN_SCHULMEISTERLEIN_MARIA_WUTZ_IN_AUENTHAL_Q1810880,0.7490849673202616,0.7492140512147126,2.1265578095829927,47.329501075973084,29.323788546255507,5.330804476827161,0.20401111695335386
LEBEN_UND_TATEN_DES_BERUEHMTEN_RITTERS_SCHNAPPHAHNSKI_Q15825464,0.7226024955436732,0.721428316467676,2.1946877113820817,65.13593200425318,19.573355128729055,5.296767997327543,0.20534073826624352
LEDWINA_noWikiID,0.7064601769911499,0.7073223535661635,2.163409677306149,70.17859553368471,20.98974943052392,5.008627706332411,0.15746920614249282
LEIB_WEIHNACHTSKUCHEN_UND_SEIN_KIND_noWikiID,0.7034270414993318,0.7031918428598688,2.113210897581028,84.41478870083397,12.476190476190476,4.747010741066,0.14887185030061473
LEIDEN_UND_FREUDEN_EINES_SCHULMEISTERS_noWikiID,0.7053092783505184,0.7049537371267044,2.243641226950748,70.44428903749292,18.46113826265174,4.843773217533881,0.1624608237474274
LENZ_(BUECHNER)_Q353180,0.6860377358490565,0.685614284361064,2.164620033900538,74.64890330788806,13.91875,4.785473731477324,0.16367310282891784
LEUTNANT_GUSTL_Q1821658,0.648354430379747,0.6483226380329136,2.2465226075258524,90.46813633062307,11.679961089494164,4.544932122928292,0.12151245107020904
LIBERTAS_UND_IHRE_FREIER_noWikiID,0.7493277310924369,0.7496139224465738,2.161015453044541,61.706948283973574,23.962529274004684,5.235926505082095,0.18686473807662235
LICHTENSTEIN_noWikiID,0.7238375165125533,0.7237342503947795,2.1685943152485603,70.08966228603423,17.991029474583513,4.953652552433716,0.18355216816645695
LIEBESZAUBER_noWikiID,0.7261111111111108,0.7266632539091306,2.1768580509583835,63.131899374977166,20.443438914027148,5.17087206728641,0.17817618415227976
LIED_DER_PARZEN_noWikiID,0.6828360215053773,0.6832886718592762,2.2368421436345822,81.12493213756936,10.299565595134666,5.082801903026622,0.1718291325032898
LIENHARD_UND_GERTRUD_Q1824235,0.672767689417661,0.6727410900482433,2.3075314438637613,78.94548989651,12.395495998511073,4.637089811638051,0.16282037807240132
LOLA_noWikiID,0.7010000000000001,0.701698512428723,2.1597331149357673,72.90559722242902,18.61989150090416,5.02196841675893,0.18448450003884703
"LOTTI,_DIE_UHRMACHERIN_noWikiID",0.7095180722891563,0.7099717895548567,2.123855790215996,75.03373597477662,15.002682163611981,5.175024582104228,0.16215249843568427
LUCINDE_Q1873464,0.7206451612903224,0.7205975230380645,2.202674838346646,71.07914164204168,18.829773869346734,5.030556760182807,0.17336624745638324
LYDIA_noWikiID,0.7114563106796122,0.7105578515745239,2.1631014620472455,72.13152810151446,15.679875195007801,5.202893359600422,0.17341903132088987
MADONNA_noWikiID,0.6996520618556702,0.6990035853388412,2.222785109904293,67.3180147185537,20.46564417177914,5.274753439851314,0.18657633622110975
MAERCHEN_DES_LEBENS_noWikiID,0.696931330472103,0.6974147190238529,2.185025829165928,72.69064032529272,12.755080950740613,5.394593280760506,0.19517662309603542
MALER_NOLTEN_Q1752673,0.7569954867827184,0.7571772633479195,2.1386309127863177,65.36141407924245,19.6242189824457,5.245121821792987,0.18026896311233076
MARIA_noWikiID,0.7233120340788095,0.7234723524898089,2.2065776577171783,75.9174272751312,14.04293063686358,5.024519959575543,0.1648054573016675
MARION_noWikiID,0.7316279069767442,0.7302890716803714,2.1502160748947774,75.13443856353193,18.480198019801982,4.759978569515135,0.1684971872488615
MARQUISE_VON_O_noWikiID,0.6937016574585636,0.6929517172722374,2.267846308855483,71.96488289115983,18.48811013767209,5.067763336041159,0.17864879501760086
MARTIN_SALANDER_Q1904882,0.7360570918822488,0.7364528278311971,2.134095616509308,67.6747804293181,18.925274725274726,5.224438086591147,0.17250662471891132
MEINE_KINDERJAHRE_Q1918015,0.7389595375722546,0.7395228521840069,2.107822299209603,64.0370741019811,20.558936691150752,5.3408305970022285,0.17627343563918474
MEIN_HERZ_(ROMAN)_Q20827330,0.7274074074074074,0.7266625835189083,2.113489336169749,75.97000836853971,12.0459587955626,5.092009472853259,0.18063412708854099
MEISTER_AUTOR_ODER_DIE_GESCHICHTEN_VOM_VERSUNKENEN_GARTEN_Q1452385,0.7271119133574001,0.7276487799591702,2.1848659774715142,67.43189210747957,20.046740994854204,5.058140281075531,0.17318017497700486
MEISTER_FLOH_Q837936,0.7214119601328901,0.7207562690064301,2.1687861694308457,62.40094391646987,23.92999053926206,5.29864790068791,0.18211828892227405
MEISTER_MARTIN_DER_KUEFNER_UND_SEINE_GESELLEN_Q1918300,0.7228740157480313,0.7216988584745195,2.2169134866460043,67.44523355088745,23.97146118721461,5.033144435449307,0.1701509595695033
MEISTER_TIMPE_noWikiID,0.7432381997804636,0.7431375779945901,2.1543780739408893,70.69514257290106,17.132540730955526,5.223938521640794,0.18416521023953944
MICHAEL_KOHLHAAS_Q279676,0.6950835322195702,0.6943356893833811,2.234730137154672,48.03579999401151,30.703770197486534,5.237019062098001,0.20067828324172612
MODERNE_LEBENSWIRREN_noWikiID,0.7171650211565591,0.7170600443309103,2.160161381641863,67.53694619933215,17.915659097611325,5.361459070632582,0.1845371345799315
MORALISCHEN_ERZAEHLUNGEN_noWikiID,0.7243857965451074,0.723878975875893,2.2304369896700478,70.50784914526103,20.80830972615675,4.967167362497731,0.19942367035759667
MOZART_AUF_DER_REISE_NACH_PRAG_Q1951309,0.7619148936170218,0.7632399299474769,2.1235494889376207,66.2659876203332,19.62116716122651,5.267127085748853,0.19186368906588697
MUENCHHAUSEN_noWikiID,0.7294066317626627,0.7294211564308273,2.1611212790339187,67.42926843286304,19.72771262199623,5.256615351356745,0.19154402594163134
NACHTSTUECKE_Q15836200,0.722875197472357,0.7232675183894944,2.1856752428735837,65.09894065160964,23.338780918727917,5.216279641931149,0.18406858570374154
NACHTWACHEN_Q1962904,0.7366222222222225,0.7362474672128968,2.2056774082199766,61.29095124894154,23.656307129798904,5.135265327150953,0.18219989696032973
NACH_DEM_GROSSEN_KRIEGE_Q1269839,0.7127133479212254,0.7121865416629932,2.190491210129286,72.22649854220846,16.200592467202707,5.057886212841544,0.20022464865994463
NESTHAEKCHEN_(KINDERBUCHREIHE)_Q1747891,0.7196633663366332,0.7202276106826075,2.2157508390223044,76.86407843901335,14.481132075471699,5.167161298105923,0.17782603450355894
NEUE_GESCHICHTEN_AUS_DEM_GHETTO_noWikiID,0.7134499593165188,0.7137729829159299,2.173024249469371,75.70637734275753,15.651486697965572,4.9542759441272635,0.1659084319038525
NEUE_IDYLLEN_noWikiID,0.6924431818181819,0.6916915451230355,2.218283477606929,80.08285697887975,10.010337698139214,4.816179001721171,0.19442340791738383
NINON_noWikiID,0.7422058823529414,0.7416529411764707,2.0967816422430965,69.77434994369216,13.821297429620563,5.3335990081473605,0.155154091392136
NOVELLEN_AUS_OESTERREICH_noWikiID,0.7358537872789653,0.7358154392005292,2.1550575925563233,72.36179507596836,14.467994893772225,5.214913925398861,0.1608648110392291
OHNE_LIEBE_Q106687147,0.6666666666666664,0.666679581151816,2.176883293984199,82.69268603773585,8.670520231213873,4.938533333333333,0.16666666666666666
PANKRAZ_DER_SCHMOLLER_Q2049588,0.742272727272727,0.7403245733961027,2.1997274046571813,52.675000234820104,31.22695035460993,5.195662048603225,0.15705200999318647
PAPA_HAMLET_Q2050484,0.6841132075471696,0.6845379070908164,2.2271832698367877,77.22769382201834,9.425832952989502,5.229420879333721,0.17741623087352315
PARALYSE_noWikiID,0.6933905579399142,0.6921627086559606,2.1786744500994275,59.34835619891531,24.715337423312885,5.195601449635109,0.19440996872362606
PETER_CAMENZIND_Q576493,0.7249031007751948,0.7254528690115554,2.1839624846134327,70.41699667605357,19.261056247316446,5.15809888983013,0.17916137229987295
PETER_SCHLEMIHLS_WUNDERSAME_GESCHICHTE_Q1093419,0.7017509727626452,0.7024002493765239,2.2291106961163027,70.93021813276272,18.398450946643717,4.982038448945227,0.16460077646288415
PFISTERS_MUEHLE_Q1373296,0.7416531604538092,0.7413955979742985,2.113847642381896,63.62073410976956,22.519263698630137,5.128067674175458,0.18874631689002946
PFLUG_UND_SCHRAUBSTOCK_noWikiID,0.7363172189027729,0.7364144495574865,2.1295574919279634,70.79720261076795,14.53335209681959,5.357749661093538,0.1897734828385331
PLAUTUS_IM_NONNENKLOSTER_Q1772718,0.7476415094339627,0.7460812730889438,2.119668889047911,66.2876682292084,20.431767337807607,5.478484616226869,0.20540895653126026
POLE_POPPENSPAELER_Q1760267,0.7360476190476198,0.7370345916463242,2.1373363925932822,72.313734846048,14.72673434856176,4.97926002527864,0.17498707416556558
POLIZEIGESCHICHTEN_noWikiID,0.7303846153846151,0.7303968995656729,2.265173479694465,67.37511934097832,20.161917098445596,5.340218438805011,0.19171217475104402
POLNISCHE_GHETTO-GESCHICHTEN_noWikiID,0.7002994011976055,0.7004064175929585,2.2048037890055348,70.1222256034212,18.681095705106525,5.1783490224475015,0.19257784214337437
PRINZESSIN_BRAMBILLA_Q570890,0.7166476190476184,0.7175709436264927,2.1482831328086243,62.7125596285763,22.855103120042305,5.217080450727689,0.18177190587473102
PRINZESSIN_FISCH_Q2110713,0.7494142857142846,0.7490232598060311,2.117270725168613,61.76814507794218,22.570627802690584,5.233414460504313,0.1808473650225997
PROFESSOR_UNRAT_Q457481,0.712738589211618,0.7135372550104568,2.1291070387736837,75.45296185325766,12.432835820895523,5.164245980082174,0.17877009958913143
PROKOPUS_Q23689421,0.6972033898305083,0.6981039911496416,2.2459183510108383,67.13702387456816,22.835414301929625,5.034993538125062,0.18366636842628492
PSYCHE_noWikiID,0.7143442622950816,0.7138010350776186,2.1837618199691193,74.9777872697127,13.006493506493506,4.930104842735896,0.18092860708936595
QUITT_(FONTANE)_Q1589389,0.7022002085505755,0.7024069323656631,2.135014667366644,71.31775436684414,18.702003727865797,5.008409223984352,0.1613823518419315
REICHSGRAEFIN_GISELA_noWikiID,0.7515859649122796,0.751023456252889,2.1425333895088214,65.04730492719618,20.23407482305359,5.416960247857482,0.1996768524764927
REICH_UND_ARM_noWikiID,0.7365460030165933,0.7363218451509803,2.1517581208181853,74.24904397078852,19.31098919938282,4.934917126090855,0.14587050896210083
REISENOVELLEN_noWikiID,0.7157128514056245,0.7155802364950019,2.172379880617352,65.25999366768272,21.46801517067004,5.204237627493934,0.18170682872824065
REISE_NACH_BRAUNSCHWEIG_noWikiID,0.7474720357941833,0.7468798566789767,2.1294133760068945,62.83705173004947,18.487554904831626,5.29912093133761,0.19421345793405664
REITERGESCHICHTE_Q2142105,0.7412820512820512,0.7417875920084095,2.192184002518551,39.083974923225725,32.70754716981132,5.698586674358235,0.23017017594462072
RENATE_noWikiID,0.7492531120331951,0.7488033974518957,2.1298582318836856,66.5930817161852,18.023830538393646,4.92125752901425,0.1838303706968317
REQUIEM_DER_LIEBE_noWikiID,0.7194897959183671,0.7187538335718426,2.1787426362559157,76.9999536982769,12.529821843532146,5.09038081107814,0.15114985163204747
REVOLUTION_UND_CONTREREVOLUTION_noWikiID,0.7144389642416789,0.7153428021422363,2.1938077104592977,72.23710115230394,14.498045178105995,5.24346432156287,0.18571064735052212
RINALDO_RINALDINI_noWikiID,0.6846689497716957,0.6847187880102643,2.1687341547150574,79.6575943501746,9.90311638753445,4.964663655370739,0.1663205817081612
RITTMEISTER_BRAND_noWikiID,0.7072350230414755,0.7071755848408915,2.1230838554657865,74.92607613811644,14.369493618773157,5.17777841446294,0.17936596616385175
ROBINSON_DER_JUENGERE_Q42195141,0.7245353793691395,0.7233135756562624,2.224650898787903,71.38146505705564,14.019552281099461,4.965598787266296,0.1744012127337039
ROMAN_AUS_DER_DECADENCE_noWikiID,0.7300252206809583,0.7301015593459858,2.142377719319032,70.39368618243662,14.600484795063904,5.319211555005509,0.170895150701058
ROSSHALDE_Q2171354,0.7072890484739675,0.7070475591117357,2.1764812947497005,77.52495208354867,14.84217211813274,4.941439513885917,0.15655355385339553
RUHE_IST_DIE_ERSTE_BUERGERPFLICHT_noWikiID,0.6938258164852302,0.6937943255063438,2.151819601980019,76.75854317895464,13.69427903489039,5.084577723378213,0.1870754324992028
RYNO_Q2178262,0.6983673469387757,0.7001014282757146,2.200315258992814,76.33604063360112,13.207119741100323,5.122028914481745,0.2019112962509189
SALY'S_REVOLUTIONSTAGE_noWikiID,0.7438413685847591,0.7435366005542154,2.1899337787639035,66.10124946325462,19.121569989579715,5.0651940927503585,0.16806234219178579
SANKT_THOMAS_(NOVELLE)_Q1499960,0.7312834224598926,0.7331522147650749,2.1137716731780833,61.61036189528666,19.329326923076923,5.213095386146001,0.21819425444596444
SATIRISCHE_ERZAEHLUNGEN_noWikiID,0.7319902912621354,0.7316163203161906,2.212880136778832,56.95462887711311,24.03374373005016,5.3658217280765,0.19715022957538042
SCHACHTEL_MIT_DER_FRIEDENSPUPPE_noWikiID,0.6947333333333329,0.6955790036062203,2.196007309006804,65.3339266926703,21.401023890784984,5.127182840283869,0.19272785264332987
SCHACH_VON_WUTHENOW_Q2229265,0.7118613861386145,0.7126046585452608,2.1172970974938266,72.72612832737173,15.158563134978229,5.17526390118965,0.17078775402733562
SCHELMUFFSKY_Q107356648,0.7351265822784816,0.735620872280717,2.347534966761603,69.07716702336762,22.385631273111464,4.846351708514254,0.16794883896545215
SCHICKSALE_EINER_SEELE_noWikiID,0.7047126436781629,0.7042659508173416,2.1713195033311847,75.71939754686403,13.264193792581377,5.1951740118024405,0.1868964730053647
SCHLOSS_AVALON_noWikiID,0.7388888888888908,0.7388446314188617,2.135930578834783,65.5372937560053,19.900439407955595,5.272860388497318,0.20681119588144034
SCHLOSS_UND_FABRIK_noWikiID,0.7138563049853388,0.7147767971770362,2.2083544318218515,65.49135059017233,22.61267184698147,5.092622452486056,0.15482893218083935
SCHWARZWAELDER_DORFGESCHICHTEN_Q60982841,0.7140265873709918,0.7137348518769591,2.225516401634071,71.03708297327171,18.236283085311825,4.919925415437261,0.1666043745665508
SCHWEIGEN_noWikiID,0.733400809716599,0.7337016932674163,2.1434523878422893,70.69613961280716,14.255765199161425,4.995098039215686,0.16789215686274508
SELTSAMES_BEGEGNEN_UND_WIEDERSEHEN_Q2268722,0.7233734939759033,0.7241038961038552,2.2373479724787444,57.216856691775874,28.311871227364186,5.24895174472319,0.19394499324852535
SERAPHINE_noWikiID,0.723800675675675,0.7242851102692496,2.183555895282319,68.63309171439927,17.41831425598335,5.192823147539678,0.1771710775235478
SIBILLA_DALMAR_noWikiID,0.7027880658436233,0.7023422588715348,2.1028908548522325,76.10522591722777,12.726033909047695,5.159038274771522,0.1831934656473342
SIEBENKAES_Q2282375,0.7453048487758066,0.74509471561315,2.1122646839064747,56.17813481733407,24.988304917570805,5.3083702676185,0.1987346483066617
SIEBEN_LEGENDEN_Q1652394,0.7412323943661974,0.7429424020906042,2.209487206114717,60.4340381628615,24.580613254203758,5.174882298499054,0.17842340348476923
SIEGWART_noWikiID,0.7011185031185188,0.7012480138430778,2.236851656935992,80.5326364275997,11.805978100029595,4.806444335261855,0.16124875916214618
SOLL_UND_HABEN_(ROMAN)_Q2298931,0.707369489559171,0.7069597338413391,2.1976674717388023,72.09203781514871,17.80765407554672,5.067804711267409,0.19358968991598985
STERBEN_noWikiID,0.6758807588075875,0.6764547723695868,2.1862355041789114,84.0065619822326,11.625343271871323,4.752598542116631,0.13589579185367665
STINE_(FONTANE)_Q1691464,0.6984764542936281,0.6980264363666275,2.1606224362159443,75.49473308458244,14.957200402819739,4.975256690792796,0.1521965998990069
STOPFKUCHEN_Q1495045,0.7262616822429913,0.7266525536916459,2.14360428474799,70.23756863722211,19.514479359211336,5.051828113159889,0.1705133872189947
STUFENJAHRE_EINES_GLUECKLICHEN_noWikiID,0.7388296219575365,0.7386037151381889,2.1408599056691995,65.44055981892213,18.406829158710547,5.361725238446846,0.2059606043593937
STURMFLUT_noWikiID,0.713105924596052,0.7128676536644324,2.1883455370358758,71.09404226071216,16.589698046181173,5.047345260655896,0.17080299785867237
TAGEBUCH_EINER_VERLORENEN_Q7675198,0.6958155339805838,0.6952772490677783,2.123089558099965,77.08831363229953,15.781318281136198,4.89647971016165,0.15172318307161564
TAGEBUCH_EINES_ARMEN_FRAEULEINS_noWikiID,0.7048971193415637,0.7035474308300018,2.169324150981238,79.58975896225249,15.069809941520468,4.784482549537969,0.16264461206373845
TAMBI_noWikiID,0.7255284552845526,0.7252085894598602,2.1708900684654666,73.45619556733065,14.385049365303244,5.081478576331013,0.1513873909206785
TITAN_(JEAN_PAUL)_Q492384,0.7400508259212231,0.7403174764530983,2.067530062893621,61.89463335105526,21.707165109034268,5.197504380929361,0.19666973835277057
TOD_IN_VENEDIG_Q828296,0.7316095890410957,0.7308943869508574,2.15209646426325,58.252099190987806,22.480613165013526,5.607797521158397,0.22289519072640487
TONIO_KROEGER_Q692988,0.7041245136186772,0.7052904434727764,2.1416165797271582,66.69258073878154,18.639372822299652,5.162678755023834,0.1721656229554164
TOTENMESSE_noWikiID,0.6726086956521741,0.6720820879200776,2.1900675754113377,60.16096002020785,18.109375,5.471958584987058,0.2002588438308887
TRAGIK_DES_LEBENS_noWikiID,0.7211380145278453,0.721714168099353,2.12700283727362,75.90604012198132,13.272970903522205,5.115030719086215,0.15345121001471054
TUBUTSCH_Q23793189,0.7170642201834864,0.7177342450563375,2.057406268614665,68.21079004935655,15.884751773049645,5.415001674294006,0.18283290545819847
ULI_DER_KNECHT_noWikiID,0.6830276381909586,0.6829091194770409,2.3056913550466227,75.47522198365067,18.764301738642736,4.638488496342292,0.13820081149543814
ULI_DER_PAECHTER_noWikiID,0.6912226584408376,0.692061468718546,2.234776373224488,71.78192475721437,21.440040068689182,4.771683920359357,0.1579597258097889
UNDINE_noWikiID,0.7447784810126579,0.7442650968477105,2.1915605632581903,68.19741640998232,20.014126394052045,5.019837289646718,0.16568223188082767
UNRUHIGE_GAESTE_Q2496722,0.7384763572679505,0.7389596774193548,2.1075428107413106,66.23371627840896,21.016316015457278,5.08421353709114,0.194271354730627
UNSUEHNBAR_noWikiID,0.7173669467787114,0.7175943726704798,2.094280077693314,74.71936027526306,14.50975487743872,5.1831753146009305,0.17757283227029821
UNTERHALTUNGEN_DEUTSCHER_AUSGEWANDERTEN_Q1680528,0.7178747203579423,0.7175046425774291,2.2204510912798856,64.97400801417515,20.201587301587303,5.209554490453367,0.17519184934915272
UNTERHALTUNGEN_MIT_EINER_HEILIGEN_noWikiID,0.7000386597938151,0.6991077994968445,2.236110135370993,67.33573563614257,20.424196018376723,5.274424533253355,0.1868186248781585
UNTERM_BIRNBAUM_Q938689,0.6986815920398007,0.6978267900681389,2.1316936196204392,78.59490180828823,13.427809680065627,4.9371048049607476,0.1594526071417662
UNTERM_RAD_Q1325403,0.7243181818181816,0.724425181682878,2.2076072660014625,70.11087168395437,17.887673231218088,5.233062164862275,0.18887620290327842
UNWAHRSCHEINLICHE_WAHRHAFTIGKEITEN_noWikiID,0.693076923076923,0.6910155038759708,0.0,61.72147776769512,21.607843137254903,5.287658802177859,0.22686025408348456
UNWIEDERBRINGLICH_Q2499503,0.7099691040164803,0.7103493305870723,2.169001452147262,69.68061373305555,18.938927738927738,5.13420638046475,0.15737002756990942
USONG_noWikiID,0.7210534351145031,0.7210545448991129,2.258359437569899,64.762470240825,19.28970688479891,5.368312248215422,0.2219944872429147
VENUS_IM_PELZ_Q677592,0.6782157676348547,0.6778330147913745,2.2202656110618384,77.28139539617808,16.90868794326241,4.849499292193153,0.16064593928590154
VEREINIGUNGEN_noWikiID,0.6951785714285708,0.6946315162346942,2.2344234899364337,63.29506886518682,24.412563667232597,5.057862160094582,0.15067111760205856
VERWORRENES_LEBEN_noWikiID,0.7132704402515719,0.7127825087755134,2.1267529252060284,70.89723322348392,16.836206896551722,5.141852041493618,0.20936451043977924
VIEL_LAERMEN_UM_NICHTS_noWikiID,0.7460852713178298,0.7457561183725734,2.1398552780482287,65.49599685945684,20.68708133971292,5.345360347858266,0.19372744934776576
VIOLA_TRICOLOR_(STORM)_Q2527399,0.7130252100840335,0.7115854992009228,2.154851286711246,77.30210061726433,12.110137672090113,4.850868127325341,0.16690781314592806
VITTORIA_ACCOROMBONA_Q1403207,0.7255346938775542,0.7255284977902955,2.1593691607038923,65.35627879614344,20.596611536910043,5.18792965001273,0.1751894866722811
VON_PAUL_ZU_PEDRO_noWikiID,0.7269999999999995,0.7261123586494144,2.1435566956261742,72.2783623143813,17.229885057471265,5.042266272753264,0.13718669589249977
VOR_DEM_STURM_(ROMAN)_Q1273542,0.7191067457375935,0.7189638761428637,2.162610363554243,70.19440055758695,14.72345890410959,5.233019175974342,0.1840079441405254
WALDEINSAMKEIT_noWikiID,0.7267576791808872,0.7268018619296467,2.1569671720857575,67.74127578376991,20.28827361563518,5.186642048647347,0.1784940194268283
WALDHEIMAT_Q41547677,0.7105312787488501,0.7107783635094558,2.140881710079386,77.13541716265605,15.929932933286269,4.969690003212976,0.18012054199581204
"WALLY,_DIE_ZWEIFLERIN_noWikiID",0.7128538283062646,0.7125608652261438,2.1385171202838964,71.2226280278401,14.327272727272728,5.25297947472964,0.1870999779298168
WAS_DIE_ISAR_RAUSCHT_noWikiID,0.731889610389612,0.7307123834021939,2.0643591535218166,70.17191825286078,13.745700378583019,5.5288877697162375,0.20322791334524193
WEISSE_SCLAVEN_ODER_DIE_LEIDEN_DES_VOLKES_noWikiID,0.7443212951432108,0.744334242429922,2.1241168622293025,69.0869922322985,18.159593101589866,5.384451014798135,0.1940154547579212
WIENER_BLUT_noWikiID,0.7283438985736942,0.7279019354429429,2.110810010769614,54.630941978848426,25.505888125613346,5.666935995844636,0.21050960928031395
"WIE_FRAUEN_WERDEN._WERDE,_DIE_DU_BIST_noWikiID",0.6753112033195021,0.6759604050800729,2.1859412624071726,81.51230290631145,10.997797356828194,4.98713198477869,0.1852593631083517
WIE_FUENF_MAEDCHEN_IM_BRANNTWEIN_JAEMMERLICH_UMKOMMEN_Q1751009,0.6969512195121942,0.697289511428434,2.2802047287807303,69.13616031390136,19.721448467966574,4.903531073446327,0.16935028248587572
WIE_WUNDERBAR_noWikiID,0.62,0.6367045454545454,0.0,80.49205436156765,9.285714285714286,5.0,0.17142857142857143
WILHELM_MEISTERS_LEHRJAHRE_Q1194031,0.7198781018720174,0.7193762409867364,2.183675106207321,65.30395080527245,19.314822173653884,5.176758922555459,0.16977929565946415
WILHELM_MEISTERS_THEATRALISCHE_SENDUNG_Q2574172,0.730112449799199,0.7294150256694758,2.2214374261216174,62.574958475314276,25.06141768644655,5.120120507458012,0.1727642089164463
WILHELM_MEISTERS_WANDERJAHRE_Q478344,0.7343882825962109,0.7342909024042361,2.160991898482038,60.34132930249899,19.87826907522243,5.365089483713896,0.1746136161728504
WILLIAM_LOVELL_Q2579763,0.7201976470588353,0.7200195297795408,2.1548883559374477,68.21316512274471,19.320611503100277,4.9814303499792505,0.1497302531470466
WOLDEMAR_noWikiID,0.7137150837988826,0.7139533450950398,2.173823586728687,72.6075113665414,14.548579970104633,5.04318641049351,0.16123839857529368
ZERBIN_ODER_DIE_NEUERE_PHILOSOPHIE_noWikiID,0.7296000000000002,0.7282936388302549,2.1951472671644336,58.34209393725767,21.492424242424242,5.292445071084479,0.18940195041710728
ZUERICHER_NOVELLEN_Q248678,0.7404075235109723,0.7406638714733307,2.1697793963936154,59.34925528491166,23.49520562539953,5.280275341683067,0.18610957438125209
ZUM_WILDEN_MANN_Q229600,0.7340119760479047,0.7333830398850025,2.1478920836111235,67.04836654391175,19.074848280512473,5.1636736425339365,0.18654553167420815
ZUM_ZEITVERTREIB_noWikiID,0.7348148148148158,0.7347942301420283,2.1877444022166244,73.13781519428424,13.575771971496437,5.175875704237674,0.16714490674318508
ZUR_CHRONIK_VON_GRIESHUUS_noWikiID,0.7311173184357538,0.7313974495217719,2.1705962396836793,71.2655814679279,14.807635101636093,4.891519067867546,0.19228580038169216
ZUR_WALD-_UND_WASSERFREUDE_noWikiID,0.733380952380952,0.7328001336579191,2.1478033597258914,71.61040934080647,13.601873536299765,5.0402892561983474,0.17074150596877868
ZWEI_SCHWESTERN_noWikiID,0.689488926746167,0.6885444743935535,2.2637945525268446,70.37911096542041,21.256311510483528,4.909392865770191,0.15387712376197762
ZWISCHEN_HIMMEL_UND_ERDE_(ERZAEHLUNG_1856)_Q64733588,0.6845107398568031,0.6845863547851777,2.236728748403585,76.83522970823141,14.143483459545635,4.922575100039452,0.16926393507298654
