TTR-100-sliding,Compressibility,Readability,Mean sentence length,Mean word length
0.4574171689211513,0.5779764040309809,0.4421557767752816,0.15326982983645962,0.4875648041909148
0.4741081223357696,0.5681346511510396,0.5870310372215974,0.03119019089013911,0.3269040223483183
0.469661993905622,0.608037965356929,0.5708715258752646,0.13249625637571666,0.2574060744358399
0.25680900380841026,0.6588556155742951,0.6280702107331545,0.08804754682996377,0.31262414058416044
0.351642563668258,0.6092842788779345,0.4464450933661616,0.2520125445672494,0.49223635676271404
0.4674796577633992,0.603441464267806,0.43824307818784874,0.23383455488055752,0.4130200650622098
0.4168207202709698,0.611385104604134,0.5369518521846443,0.09046272916229826,0.3949277707239268
0.3472531528309038,0.6265286538495075,0.5378363035757602,0.10723579133630824,0.4314043223786236
0.43339347980965665,0.614064445079902,0.5176420874835183,0.19538899055640804,0.35911663924446957
0.3242782947567439,0.6331781575761828,0.6375689128159109,0.07210242428577829,0.2867684259833009
0.16568874501070835,0.6813601909995097,0.6559630923012807,0.13725726258663112,0.24324554529046197
0.4583523548074239,0.6125031000597553,0.5393704810140644,0.12405360013874996,0.32930724219632784
0.27339232853396206,0.6475905264317712,0.5983470970345907,0.06855609648944119,0.3783701334394778
0.3746789508736843,0.6123768966257053,0.5452181826701349,0.06828821791034694,0.4274155739228156
0.36746926833447646,0.630837591276568,0.5673321191018454,0.11787480680101423,0.3622845108738921
0.47953879600896326,0.5854270708840157,0.5517693278521965,0.08733958417710824,0.3394703133938826
0.3727807543454408,0.6469525925919339,0.4709135234574623,0.31835014650563087,0.34551481845637366
0.41864337628411147,0.608472839878675,0.5514536100352097,0.07065732179333752,0.38132005648739237
0.2965715600142332,0.6326470062725611,0.5886025157490092,0.034469904737791865,0.40516907503707006
0.21915891900939463,0.6610540625373208,0.5756718170570757,0.15543278701287108,0.39927371863065786
0.38583140545652117,0.6430277284559506,0.57391201356164,0.17474644684235255,0.27881561470947575
0.4479569996459071,0.6058209717240258,0.576848091748104,0.08427627477905486,0.30407115161345066
0.3306042639922313,0.6157643481004343,0.594154195996888,0.02933577194346819,0.39705829811549676
0.3601118729282478,0.6237994743063816,0.5868733942416124,0.07583555505212383,0.36196994702938673
0.3068734977065401,0.6116588523257788,0.5231203330062946,0.04780026362885411,0.5057295292636776
0.13678649111268784,0.6749847877505526,0.7028782169038694,0.05884145322509451,0.16788355410467126
0.4060662407421149,0.5834970313955864,0.6422506842852614,0.03385625912157216,0.2846212127293239
0.4271787226149685,0.5981073298732733,0.5612983751864271,0.09956127613336592,0.3671752268395565
0.4712672811720217,0.574443100947552,0.5118774249415827,0.12275653728216812,0.4133214340681564
0.47284721627057846,0.5933615873335121,0.5725512229823373,0.09829458302545556,0.29472157836083435
0.3661898168163408,0.6357486958074618,0.6220750619931521,0.07447452971853014,0.2630680054825099
0.32569424215205,0.6300520502272154,0.5979703788635784,0.0815546305583072,0.36433218752908797
0.23117462673922212,0.642397155875385,0.6386959683446888,0.06442151828685597,0.34900073649930047
0.21124877046825716,0.6638746209868336,0.6708077683247472,0.0032320505531226594,0.25426548407055183
0.42082294115764046,0.62366411751981,0.5109838511856489,0.16668591131257912,0.38087062306122704
0.47536280512415385,0.5895247507740454,0.5338699819198112,0.12038655312339493,0.3563435027628593
0.3786995590260179,0.6248365759466638,0.5775065983213284,0.12407488559187596,0.3424287502728696
0.28470941620568874,0.6834717934548581,0.5602691389063367,0.3020004648825767,0.21610429675338533
0.09513241650200731,0.6717293546176244,0.6136936500638352,0.08286716050872575,0.3952753914121475
0.3703577383695138,0.6309511288060974,0.6052970383984274,0.10591416834358545,0.29518384599823466
0.22114990066738432,0.705425921556798,0.41065303784603013,0.35829605661127295,0.3955439406124014
0.4729129661545181,0.6190926779063451,0.42287717673800856,0.21640290347692337,0.40917265227106103
0.46682091898765077,0.5876552884598581,0.5136789817146005,0.13260352225394376,0.3940681428017051
0.46085128451369967,0.5822257844089512,0.5214296814176438,0.1103183044584242,0.4056725139439045
0.42065796653866533,0.5794258329896963,0.41786861106842077,0.20653298345394994,0.5196561650563872
0.20016509294078264,0.6573299066696006,0.6539769517591538,0.040948881889231806,0.31382903786228783
0.28441196808476615,0.6318213639526861,0.5867746901675215,0.08952547909256472,0.4093803219930986
0.33400165262968995,0.6231871601964082,0.4309780176192047,0.11839171096966478,0.5480164327003963
0.5231755101697368,0.565939855026765,0.28138005206569805,0.30393219841835006,0.4842003212669459
0.43241168859487306,0.5842920059146313,0.5703283464223379,0.059270745951528356,0.3779358931516008
0.436431734742719,0.6141880185687958,0.4694647026322354,0.15618991292094817,0.4330219657709884
0.35612191897140927,0.5970726931802892,0.3922378037326919,0.4613598091828141,0.3872699441995322
0.36448928942942427,0.6363872091265191,0.6160008325300019,0.08872260301881274,0.27355100436171675
0.4553545718422092,0.5884868993250548,0.5258860151657802,0.07427514844943495,0.40529308481770626
0.3909685905918875,0.5956988602161349,0.602960370912493,0.018029690158709557,0.35832966733113314
0.46902912143188275,0.5943134115191272,0.4960753578688816,0.24904059918804244,0.3445159958676153
0.2982037317972393,0.6014512167583292,0.4264803232535733,0.10768113613863103,0.5965318725764338
0.36411529901223105,0.6170944041419064,0.5013051845687917,0.17131532166438107,0.4538267487593236
0.4777485262884033,0.6063161678005169,0.5003055107952203,0.1439899971424534,0.3648264339159162
0.28943244541811547,0.6731500044686931,0.5785886470994569,0.13243377626184352,0.3328579327216583
0.2569340146052514,0.6384829513014507,0.5809302498853786,0.055529193668588175,0.430999984286364
0.4049908484658426,0.6035376826266612,0.5807071404802387,0.05850821119247062,0.3620506656904222
0.5448815896761828,0.5525307332470606,0.35689227263643725,0.2162089331649203,0.47296452826983504
0.21529012086631794,0.6616992250475241,0.5985389300923338,0.09400617284035624,0.3856401017279008
0.15157289809403166,0.668128898203161,0.7103927232480604,0.07342891799994544,0.14345663005510892
0.34100800361993455,0.638448069470194,0.5787721826878743,0.08733703736952789,0.3653664003533392
0.2997562887799723,0.6579160112489831,0.5697977618266727,0.11078960542692488,0.3746316369792421
0.41609294596047774,0.6232490616306178,0.5368340610038945,0.1048307688158039,0.3731581010162307
0.33089297897582415,0.6364887509168736,0.5456631278320454,0.13784882658013306,0.41065966244058144
0.37397246396572703,0.6446685093080493,0.6404002899655337,0.13631949141952157,0.12590303480505985
0.31529904094293015,0.6435987963329236,0.6055559542527855,0.08373863025160104,0.3356440558268003
0.3411553459748503,0.6158022749496497,0.6068820221871379,0.03686890077128674,0.36706332339472947
0.5242182188106601,0.5341468067632438,0.49663056157378377,0.05600681964581629,0.43600890972052175
0.39738281469818054,0.6107366543999133,0.5390624333113863,0.12431132340550918,0.40378958062403025
0.3525805009837156,0.6152884993142725,0.494611302978894,0.08765966968636939,0.4947549840210405
0.24747999418761885,0.6408904095553712,0.5843997370746149,0.09813304367111293,0.42054724878877636
0.43282659008522845,0.5831061516803333,0.4736761432141554,0.1782084929645545,0.4653181741269206
0.4416173437507004,0.5800609467264874,0.6326466188129675,0.041864438814579186,0.2578934746142427
0.1971610372266523,0.7264472141487188,0.4605925505570522,0.38702364904970743,0.26733718017304314
0.35563965671824527,0.6217472483380819,0.560941199658487,0.0889513391540245,0.4054422567293098
0.33917430477495264,0.6051037266364178,0.58869235114722,0.033869985434298845,0.41364768919768613
0.18924839755103812,0.6758226388900995,0.6588969862489006,0.07850942193301993,0.2591135599845088
0.2922837640116389,0.6838924620772322,0.5515247175970487,0.3113022728193441,0.2139455127506447
0.2760009404807442,0.6623397667377293,0.6185209972313671,0.08893777819915269,0.30765461453465703
0.42448818943588934,0.5954094360826727,0.5431039686847945,0.14482837295548612,0.38647147635892426
0.3426329037427948,0.6357862711143779,0.6576131373347611,0.0903333482412592,0.1943279664266348
0.37360466687775895,0.6132441535541572,0.4707365312477057,0.1965193922596585,0.47343257981847464
0.419836341509813,0.601879097390262,0.3832536722092174,0.27850866886446096,0.48685577184401846
0.14731022346927775,0.6582230896471826,0.6687720657306209,0.06358707500722247,0.3061742482756716
0.4626642973714656,0.5901149084899432,0.5587314275990973,0.03494188262926448,0.35256829035957166
0.4604459372288546,0.5848844205675755,0.45457840595873955,0.16394276582601747,0.460848126649225
0.35074921844593265,0.6082873545355824,0.5671685842009002,0.04068188805887454,0.42851634875600897
0.4291846996549091,0.6058727705715248,0.4464690025254919,0.16531569542528887,0.47122694117808617
0.34248986636296697,0.623558462946233,0.5602756226573923,0.10620122563008912,0.41071652152956634
0.3632484958549585,0.6383238762241571,0.5903501620060034,0.10934765630870226,0.31642208453354936
0.42468296434132125,0.5931759264265734,0.595559428423456,0.058178786652857056,0.33122635176835225
0.341809953553531,0.614692753546095,0.5180698340766583,0.15594538978737066,0.46108942387946994
0.38088630235039045,0.6033763962946165,0.4601120132262988,0.12430475923098956,0.5135248885825661
0.44513524033193946,0.6002745602108446,0.5772003092201383,0.10326088134247821,0.31257329316314775
0.48079924429921345,0.590346326957467,0.39884555347736106,0.2263927804510113,0.45824865996544967
0.31306069567231387,0.6566969824406969,0.6025133024700217,0.143414524198566,0.2952152920734576
0.3518826469220078,0.623207693230156,0.5271672087123448,0.1341057787222714,0.4380652326602031
0.2995446352087199,0.6062379882754275,0.46586598645222826,0.10383725618178047,0.561190894424499
0.40656744395202504,0.6220717401025155,0.5636640975184644,0.1383721737202155,0.33296484858432585
0.40447807313776096,0.5904268048290774,0.4019615564568568,0.22275154725172006,0.52592996854889
0.45497923166863025,0.6071215504932597,0.5923112598471709,0.10075124799521112,0.2518211253301596
0.5189664565559908,0.5913563623204314,0.5078229045000877,0.14979230223711495,0.3172532640785044
0.31784867760523766,0.6044721950550643,0.5137880546829638,0.09349226736899635,0.5107510297172329
0.5132482102780738,0.5680942351463052,0.4921295561511099,0.10408093068391638,0.4010247803694553
0.45315130388470926,0.5471892875654584,0.4977052465574291,0.057509928489065075,0.4941860732918172
0.24494420925091237,0.6620345703125012,0.6242983388515143,0.11402762950456191,0.31458201773527583
0.3268730892210986,0.6352843412870044,0.6092187387108995,0.07214795624547293,0.3364743527695607
0.35369590164388515,0.6338364006970878,0.5853816444667416,0.08583047997099637,0.3508733180808161
0.4276182102413323,0.5920431907853423,0.5874493603954676,0.05155524295074956,0.3447793967306569
0.3992039775038597,0.6033123974236888,0.5567286872859569,0.08599411738446168,0.3991347090746451
0.24737788918866738,0.6849006732487393,0.5941173767168694,0.12057118306241445,0.31969106997534086
0.42037172025418656,0.5864241612419366,0.5408161370071267,0.06039436732207498,0.42809431936278014
0.4586972774559762,0.5833117076196183,0.4611163005533096,0.12483822210279814,0.47024614307254287
0.2523326499296196,0.6703771674334222,0.6158674125834341,0.08660956588333257,0.3164313517632604
0.30711114107433035,0.6413844876967,0.5678633773753183,0.1185628366483128,0.39721873617928305
0.38811075332415484,0.6373079245269408,0.6254102540425873,0.0750895665287364,0.21548137651832663
0.3774450071040434,0.5917549224245353,0.535464271003793,0.06423610217847434,0.4653096990756307
0.34299096412417324,0.637941489655172,0.5897812514840979,0.11841375429464233,0.33693339474948114
0.29880742074584343,0.6348909342944317,0.6282246936402812,0.04377519437130442,0.33323429222738965
0.33507419423215834,0.6259486264921993,0.627526747863965,0.037943760668184265,0.31730750557437215
0.4434628460537615,0.5917093759066049,0.537478325694561,0.10274113232740328,0.3921505167289319
0.5516416380980489,0.5642628672431433,0.47073301303294285,0.19420942241296663,0.3434997095399023
0.4301012346741294,0.5871666874639241,0.43577017494795217,0.1849359396148071,0.49613633401420165
0.36126755687669754,0.6402193514492285,0.5446113879071248,0.15366697099583707,0.3733494777887215
0.47074988927348266,0.6194324096858349,0.43968012721723376,0.19325752715268926,0.4050073400678913
0.40799971352805714,0.6281489180617327,0.5654171449469099,0.13477044675415217,0.31797098826885073
0.38618344048841596,0.6158080866721185,0.5744530131758909,0.08977273848573554,0.36549602153739796
0.4382937590933699,0.6106607359109633,0.5854949670608167,0.0913874716589091,0.2895445042247029
0.27859205189818914,0.6414038090773801,0.667137638420692,0.05835909276050539,0.25001841935108926
0.4289895424354451,0.5835674248325372,0.5114952590984333,0.12757629655455086,0.4444253836501696
0.38441283353599703,0.622869180590581,0.54009434919323,0.15222399164564163,0.3865057666067259
0.35695280183794875,0.6327106770418272,0.5895693548781636,0.05535928910410876,0.3487194019777856
0.4158237130095269,0.6255166533121719,0.3529407905005979,0.2735600662114595,0.4862275647300404
0.4421434227710979,0.611502781453995,0.3288809516429268,0.3976983041148362,0.4052738833491644
0.43432121582158684,0.637079571407139,0.34481451229440274,0.32501129683219243,0.42540017656976153
0.3838761836897001,0.6331156138391746,0.5636154796444021,0.15313785760230683,0.33270119143619403
0.4237335017686149,0.596728027798745,0.5654107676323508,0.07244340269606919,0.3734008537343462
0.47879751082231514,0.586467757941346,0.5099755369867037,0.11505527602485989,0.3917853336453167
0.25436848005697926,0.6563362639893928,0.6644095649538038,0.07243872938918604,0.24048273411687093
0.3844310953527512,0.6059062842453997,0.449209579533542,0.14306978979546742,0.5126715288964233
0.4866815042097019,0.5643957887938552,0.2694398569038216,0.42418688651681524,0.4382535292165509
0.34215867208462175,0.6044386705805186,0.5993010553714796,0.048892825398809854,0.3950051560160903
0.42986632333690555,0.602174175264814,0.48491643407416457,0.1016394692283115,0.45511171921269566
0.3849169905306184,0.590448685201004,0.56675195916497,0.04118688808941036,0.42462350097166796
0.41300729355426696,0.5914178680440468,0.5194163428913026,0.08254894847692527,0.4506020579979554
0.3487102437176325,0.6360788635527463,0.5534175730600802,0.13904287228160633,0.3849687192017134
0.3951824678828117,0.6300649955641523,0.5907574918461388,0.10377527035998664,0.29510201207746106
0.25444281018000897,0.6590808098902016,0.6322573610405238,0.10852053779844353,0.29890678257307113
0.46488252973774463,0.6133801553449538,0.4175429993560892,0.22660226565331243,0.4265656754394825
0.44626637212867953,0.5754784977851813,0.4732672331221816,0.1590118232574325,0.4694722460500084
0.44288832864994887,0.6050483232101969,0.572951602276151,0.08378479142926401,0.3201140813843244
0.4498845328615573,0.5897113122100919,0.5721798698453647,0.0697296343378243,0.342917555663522
0.2239955272173657,0.6551724182902477,0.6131805233042924,0.11093073993530542,0.36370196985444364
0.33940440589798876,0.6307397464537506,0.526202789366966,0.15722573246411856,0.4305377045207976
0.4435829141359799,0.5889109233922121,0.5141533942365235,0.12276013790308218,0.4207069744288087
0.2902405973358548,0.6097798718072395,0.3900666351312667,0.15084499437435248,0.6074723956085955
0.41777297260190843,0.5976159227368271,0.565213634168203,0.02448248666716543,0.3850390991207783
0.38096231618044984,0.6128878241128158,0.5940061751855342,0.04519307595454065,0.35263363202040776
0.41290789224007585,0.5837421669584956,0.5887140139217693,0.03619447440935407,0.3753104380040707
0.3042548581657019,0.6363502678590557,0.5470699317923807,0.1273694242821975,0.43241049636309487
0.3608842797033849,0.6280184985777288,0.5679008248670094,0.10642001832376807,0.37618975919405834
0.31985082406339377,0.631449727277582,0.6194729529800433,0.07356185962975566,0.33137381550302397
0.2147053854348743,0.6368899410999391,0.5901688007920501,0.08188430839311378,0.43962318751589186
0.3438248198579592,0.6445692373038113,0.5998869190907198,0.06886708050162696,0.31891691880214096
0.2178013133143846,0.6649855032156204,0.6228344918031523,0.07495217491452594,0.34178390208944676
0.48738961521765306,0.5777723116083721,0.517034681418532,0.12009397561261523,0.38325330285426107
0.4313842713595079,0.6033759857386946,0.5409375515978846,0.08712626604955487,0.38683408496800453
0.5913658622162801,0.534748270289474,0.45204237462100444,0.14548873018863878,0.3725874734377313
0.3591325433962757,0.6070680493483781,0.6155784777146733,0.021090793009916866,0.35087108167926256
0.0,0.6962008421003703,0.6341457156499005,0.12074602135701994,0.31398088653301964
0.49831982201928415,0.5561189880066236,0.4072952340048283,0.15219120963555444,0.5033462567932503
0.5798027177752649,0.5106477336862798,0.2698083004202346,0.2248489682945232,0.5288800648755027
0.3173605285319945,0.623954407895048,0.5750258502494154,0.08586168576625222,0.4146519435147355
0.45676347384577537,0.5795991569210079,0.5733050000710576,0.0489289159240594,0.352646117711251
0.3658810229695572,0.6152953559818752,0.633362151137977,0.05326054052914235,0.28906470256035355
0.4091410341372038,0.5886322963022362,0.4736285141117597,0.1972605730146497,0.47210161076754936
0.2850052671295497,0.6043286243147579,0.5714050171871032,0.05385495589284177,0.47344995680793195
0.43189515176583454,0.5954040355265651,0.576998972177183,0.10231328070289207,0.3399482182011451
0.4007513408821632,0.6382191155467102,0.5638913915305545,0.13942263552921702,0.30767279793921554
0.3586835577027849,0.6241310987518702,0.5906153190163758,0.03504420654124575,0.36297648069197985
0.3801933488892044,0.6335986683601093,0.6304621973944228,0.08923880061651145,0.22036242654733648
0.492754744611865,0.564302441693323,0.5783578689631828,0.053476677546947814,0.3184304261975527
0.45253871742412627,0.608023508599263,0.40687199867028634,0.2197474522337383,0.4600895088540881
0.34880336692099856,0.6112578429772465,0.5512135296101784,0.15512787516865956,0.42047478847574815
0.4231442474882196,0.6206010554473076,0.4590290573143896,0.20257861692246426,0.42901923535216996
0.4567646999297632,0.5905310425009318,0.5807988385076618,0.06719763474502463,0.3174843048304298
0.018376825063198616,0.7127109489573538,0.6609107274067617,0.11475856258523084,0.20428626544371906
0.44462732484528883,0.5807902833077476,0.4837544508800263,0.16605130207054267,0.45099643585140436
0.33980723562345544,0.6492044516641227,0.6510579721914216,0.11847886806655974,0.1585903440474612
0.4554231398262992,0.5725498986714384,0.6190103482143893,0.028111781365419627,0.284275031956808
0.4526305040266061,0.6010428769061573,0.5778094759881209,0.09421758851628241,0.3018813383061295
0.2587542235946193,0.622177062961418,0.6134067652710272,0.0436215514975772,0.40959889484876366
0.3388275730431313,0.6342153169921072,0.6192249819171619,0.0889934411609305,0.30266713835223136
0.3903463905099361,0.6133505105198175,0.556011820695392,0.10759656038357626,0.38820700934110175
0.3933344893348168,0.6140949342603216,0.5815508311987844,0.1605673208849108,0.3227880998602261
0.3699424888196342,0.6362722445414258,0.6373966342268216,0.08250462075053232,0.21264689986755317
0.43766530285136857,0.6078156996776848,0.5554208048203542,0.1047142178989569,0.34576266433475156
0.3490572463832708,0.6691383019531026,0.5083403170075229,0.2741803083013569,0.31117238349685067
0.3913570431034285,0.6562552933521341,0.5125396449295242,0.24954562792482993,0.30199130239092264
0.2686817177285712,0.640887649077036,0.6631831562169956,0.05619737033821229,0.27221886910364634
0.24929606563803505,0.6712253676548815,0.5722702769866066,0.11785848716762733,0.3820001106730161
0.27317194216895213,0.649072209881027,0.643751123686053,0.07844552066310159,0.2889864138893762
0.44253123520235027,0.5452465911392016,0.412280426544153,0.11307549037929075,0.5693075127603857
0.4396538788781322,0.5925294308270973,0.5851678999083844,0.05210764633343131,0.33238029800445446
0.476824778236131,0.6046798423641553,0.5694860466077452,0.1558219494629193,0.24167246819441662
0.19103077237359603,0.6631279923852,0.5882133954086692,0.11111598320935116,0.4067268732930554
0.3906768398435078,0.6015856088077853,0.5757946567810641,0.030703569604452162,0.3911319037373165
0.3092011926418657,0.6103047026342138,0.6088489200957945,0.03435821429121838,0.40005661851832336
0.4299766917274422,0.5980365859998115,0.5574550856989506,0.07965910686046179,0.37466056704620426
0.2551477910272496,0.6184076414051667,0.585619181329957,0.01721981336201457,0.45741146276828454
0.46595969079273886,0.6144400157521087,0.3403628484516547,0.3242542472143868,0.4293685458393414
0.5055713393633624,0.5968855309729901,0.2980553661880041,0.3603410811049939,0.41163404582717217
0.267770529050641,0.6746452041992941,0.6249232960431111,0.1299184135193889,0.25640762881406604
0.43126082428209045,0.6089240540061832,0.521669077005897,0.11889635987602279,0.3961699478711801
0.3143097201424108,0.6224374387256054,0.6070495087282555,0.03523888505291419,0.37951304276627845
0.44974360698973176,0.5783719620808052,0.4333391481030732,0.17252233579988296,0.4956508729157253
0.44905661988902845,0.5819356475511474,0.40495400905663387,0.18357215337947783,0.5118716336110535
0.46079489911380456,0.5861000911748587,0.48566245135120417,0.13140241804874553,0.43705849946431996
0.3036339693290918,0.6489603559202058,0.5817227038443483,0.10737135425884983,0.36976608447776954
0.459239811143018,0.5818867166649854,0.451505509558717,0.12552794423261326,0.48051238785802947
0.4332785133284612,0.6093961704033333,0.5945865432849359,0.08479793252846428,0.28316459978076214
0.24075530592679548,0.6817613125133628,0.6225980724200795,0.15006426034967488,0.2590188282975939
0.5111922305975816,0.5884673402979781,0.49183236673048725,0.1504004219097368,0.35758821136183055
0.29064083446401245,0.6161619970465357,0.5851020171285681,0.0455634752245682,0.4375521660502075
0.3463422796442759,0.6257083213492295,0.610492580162864,0.11443032070886364,0.32053179747677313
0.35582205702029734,0.6047257034664004,0.4628037392899191,0.1404212880403746,0.523251419557809
0.2533879423086188,0.7007157975352869,0.45625023658660563,0.2753198916965128,0.40103191971210667
0.4926975396507678,0.5334929402920205,0.2700866150288744,0.43873143533699127,0.45519486498646156
0.3427343840707276,0.5985633413020086,0.4516156695789246,0.08123519606422848,0.560088562940023
0.3592349889230623,0.5764708154719143,0.41696025387316576,0.15198882181237017,0.5845298678226001
0.44917028921895624,0.597216900834663,0.5738684259160451,0.10771660338129861,0.3172541374561349
0.5271613841262275,0.5588457920050013,0.49409257366022996,0.10078725119802771,0.3943433966661273
0.5138013884705966,0.5772934069892548,0.3333804787327262,0.24049459664837444,0.4834876015321381
0.09792521989596224,0.7535527727547706,0.5213791093746631,0.3272818544082539,0.2088522972454506
0.18393827724175305,0.6746344152582441,0.6746266033545614,0.1087188961061395,0.20998634143737258
0.27167425125735173,0.6459180197512499,0.544470376911853,0.12769920843188615,0.4429762226076201
0.2356073585354876,0.6791209492370529,0.5868198115386594,0.14117522003038377,0.3449579321401372
0.2822710703695437,0.6501157463207108,0.5665018815374998,0.13203644509230233,0.3991422736320438
0.47025956031207844,0.6089904920642658,0.5453054578698502,0.13175048025584463,0.30540185834424993
0.3087510948297581,0.6178630064576386,0.5994598930955781,0.06900299158830345,0.39850281104937785
0.35190611721367787,0.6167439299928618,0.47907524131919504,0.19427750731599627,0.4780503872925862
0.41078790878149657,0.6374551791758652,0.5271461028260277,0.21028673036523401,0.32062542919803005
0.3757426370305536,0.617794755128813,0.5640306097850911,0.08274971743980372,0.39008853705504676
0.4689083813207944,0.5806053863336637,0.5760824552278272,0.05969805361988806,0.32800527809796753
0.21989886869047973,0.6432784110327429,0.5021100341767755,0.13144324414804984,0.518117323194921
0.36399433569527784,0.6053234807827622,0.5707103520701132,0.09259406872875502,0.40842090993368163
0.45350197322124464,0.598713594236915,0.5003685977493466,0.11154804396347875,0.41601237077114267
0.4609398636965942,0.5921274085331337,0.5851968214613593,0.06995377440792915,0.29928368434782204
0.4469550698548234,0.569078213372501,0.5161589643905545,0.059465213330823344,0.45434014183056953
0.40808932392389013,0.6129623058951674,0.616154604732267,0.0762674015999565,0.26884401010890363
0.36999020940379157,0.6109950276848672,0.5607351737333814,0.06474652129551799,0.4137345453404037
0.21801082309670936,0.6499763392177449,0.6027318200544283,0.05627764707894072,0.40441218948361174
0.04393552125297795,0.688493479395222,0.7192524222676436,0.06381889321886206,0.05147330116610709
0.2276625058706987,0.6298485582452201,0.6739481502691562,0.014526503072649091,0.3115179746890295
0.4455625229918933,0.5771442767856989,0.4546246898462481,0.18767959877398735,0.47588998882604044
0.32859670736019,0.6234941816320144,0.584439642407589,0.09577450661616273,0.39055954430532913
0.446534491037618,0.5816940989294402,0.5802543189307252,0.054575781891986926,0.3500933203840948
0.45865321027524764,0.5788031422870292,0.4719836729835952,0.12198078763282606,0.46580710070614056
0.27132992382336896,0.6613200938070658,0.6253882973754128,0.07417383009817312,0.3040123786944669
0.37409172687861114,0.6637822114723486,0.4321453977227234,0.2574366460340422,0.40795255130918
0.18453999862625647,0.6616987616171544,0.6188394773542973,0.10954113777936252,0.3648810466209616
0.4791947237528763,0.5708979712046004,0.4696672346552312,0.14665382316711453,0.4498369349482683
0.34722900845487237,0.6455065349119476,0.582234203611143,0.10632010945730698,0.33533967189060854
0.25068024532469896,0.678544669536919,0.6446459829386122,0.15105886853758385,0.1958298265439606
0.49898982773324363,0.5729554490869104,0.4891687649351495,0.10275426288551437,0.41579644785765024
0.36777699148360044,0.6141192872070563,0.4844867439125012,0.16064281867396826,0.47651239794690964
0.352865961339426,0.6357955818447941,0.572351805514886,0.1237921006967964,0.3582436572551799
0.4426731534533709,0.6088647370263013,0.4962025572736224,0.11017121901947657,0.41829360008542005
0.018122177513174333,0.695511504643823,0.7143897846987395,0.07471659192143898,0.0
0.25860424080225686,0.6564001797307336,0.6482642070773594,0.05358805883059811,0.28132630247042256
0.37981528744351045,0.6462973942416465,0.5703433388623286,0.12617457078744246,0.311172748039794
0.34442021269215045,0.6375217022001868,0.5901782999875803,0.10375176164346323,0.3403908672284231
0.4775061504460505,0.5954379236437,0.4977589778843758,0.1451121478821853,0.3855126714462098
0.27388787953117655,0.6563293284155579,0.5967183191770387,0.07316499078301458,0.3644055073537579
0.41867318641968143,0.6086862617568208,0.5696461097370895,0.07485721011482681,0.3522974673155089
0.2790286232001155,0.6283543792739075,0.5755254380262068,0.053401125395640694,0.43958229203821697
0.3381198104525624,0.648130461168812,0.560311696587471,0.14307917437733644,0.36218924833765576
0.47367533731177025,0.5756549964027139,0.4989900248560845,0.09470782165726363,0.4316160140104074
0.264166707106322,0.650897558189441,0.6331695098858192,0.06584651969687623,0.3182906332181113
0.33817363588943417,0.6226517831947066,0.6697378685423303,0.04498992852273392,0.2176475192729472
0.43912860098994344,0.5721117136126639,0.44470924177307675,0.2132726513007695,0.4864182618164657
0.39077450042919093,0.5982908461498649,0.501142908654068,0.12342248474579218,0.472192787526991
0.4977475693138805,0.5770572030573731,0.42101785058495506,0.19185911642801085,0.45297504409626455
0.43475956293714396,0.5959149558844553,0.4680896630481435,0.22681925660424673,0.43048179981144785
0.2973037220139794,0.6326173167786981,0.6274929211095036,0.03663770365042159,0.341051521059562
0.4103042735657225,0.6192293615510601,0.4160093788001111,0.3002162600936333,0.4301299743246325
0.44701487637445003,0.5818245592321271,0.5264760992411464,0.07969719016244625,0.4220535006161112
0.2888405093435081,0.6508461161327513,0.6371166587307506,0.08258776811128875,0.283252744034822
0.1998953743188423,0.7356598638740183,0.4535411451357334,0.3966403580310176,0.23626946493523962
0.45638635417825546,0.5815595121489282,0.4483598021911403,0.18837238343638715,0.465821170071302
0.4994135386022284,0.577842510135607,0.48167880754697606,0.13607156753107022,0.4076201734589963
0.31676001845007506,0.5993930119780468,0.5738513164099629,0.05307555673612828,0.45636472238232423
0.11732760444645486,0.7479092177216967,0.5174722260905698,0.3388883815412594,0.21034066502460197
0.337892298084203,0.648571144178785,0.6175259522843454,0.09389984613501541,0.27391382401246334
0.42480925434556477,0.6209445627689635,0.5665352762389927,0.09644493450614575,0.32202655600887864
0.43590954070560034,0.5981121526183122,0.48609405612136547,0.19497844209549126,0.42183018020717217
0.46720510106826635,0.5879292370027392,0.531220343348292,0.09651288505123694,0.38019575963597674
0.23274300723145494,0.6442859404849615,0.6007375859750379,0.07927441946861702,0.404420868270995
0.4789998309860014,0.5879058870361209,0.5043636634814049,0.09506792790011935,0.4018771129935712
0.5539546103666183,0.5024417193291589,0.3519653284099731,0.16074383464714556,0.539414901120944
0.47290606134608426,0.5838889326197731,0.5142584149502626,0.14596380681244048,0.38686744662731654
0.4384126884514846,0.5831890253777472,0.5081846500516174,0.08883804212337089,0.44893322332758573
0.4029718921252553,0.5864729910276025,0.4521567974734833,0.12906661237554334,0.5220719538727913
0.4503188458313795,0.5978542342715677,0.48626162980407134,0.12462605457648876,0.43336038761478646
0.3329416075290595,0.6363163934348567,0.6260444347101818,0.11246371907241758,0.2822616004397898
0.38735105964949823,0.6164194074260629,0.6042727479438759,0.07453446689762704,0.3150957474698063
0.424751455153737,0.6202540512731591,0.5612483122182491,0.12087581202300554,0.3244387204449587
0.35933403908061134,0.5980129630163369,0.5928607529571479,0.054434249608033766,0.39851296653324675
0.4703108168031665,0.613465386372515,0.5240420271306189,0.16449182744831747,0.3174749562159259
0.21390654286681307,0.6600785291959006,0.6871548944501515,0.029821016878769285,0.2132350444904923
0.37267306319098414,0.6322903205813016,0.5796183895582551,0.12186773902488775,0.3324372348908891
0.4492423749254191,0.5968993918961585,0.597077046567277,0.0800998649746659,0.28102565117601525
0.3401935447478616,0.60574167735946,0.4727799132819868,0.1738427667136986,0.5134230404647184
0.46302492402767476,0.5978771369412299,0.536622956710574,0.13325307693320063,0.34990036963564325
0.14140513906273355,0.6481280368790536,0.6949166408614946,0.0,0.2775346765932673
0.3996728774293823,0.6056126578272144,0.5578932507770996,0.06909587063104863,0.3968321825732799
0.4240530549428619,0.5899419536225067,0.5403516974324708,0.07062492435657802,0.4185446942575684
0.40760725387250324,0.5871168795070077,0.6304005735320801,0.013058189393183895,0.30261311433688176
0.3719292332357111,0.6026577210890935,0.6003670019472481,0.03478555012356891,0.3698942350887213
0.0441345829406759,0.7376900919568804,0.5892888148010246,0.29607364604084396,0.13763922292641223
0.3150275001938599,0.6431558268739527,0.6306474763155966,0.09044314911879163,0.28497728659304555
0.32524538951485976,0.6148722675227296,0.4768758767088046,0.10559309046929258,0.5268652851433057
0.3720904585915006,0.607873075192528,0.6092555728845933,0.050225501532032965,0.34398264634435793
0.31717071628187204,0.6378029078365485,0.6081321443115663,0.062241152627050184,0.3448354991342398
0.42214578064082375,0.5805935867583099,0.416592601053677,0.13562622358091278,0.5410731550601844
0.3442672673439614,0.6122355375456479,0.5345960438481183,0.09441109390008734,0.4603708401411224
0.4288506437255974,0.6241894197817276,0.5625948261789983,0.15328105774099207,0.2940521594940535
0.3158554991288647,0.6372592418586355,0.6323832360030817,0.0474774724161477,0.30327099230071
0.30194785847722894,0.6702472962438423,0.4758380584781613,0.24772530284918765,0.41449531851499427
0.3820479022407135,0.6163142276222311,0.4876311226972886,0.15579502242333013,0.4605865525490066
0.3370867607145579,0.6216145837748528,0.6075587892265164,0.062499696384857625,0.35627788392600646
0.30763656774127945,0.6170148321467398,0.5887494879016599,0.03591540599922361,0.42040047955103454
0.2437242908932335,0.0,0.8650706951723414,0.08259129383308261,0.43061565295006393
0.23834839168358993,0.6277208037248893,0.5239607538005413,0.1315738073213997,0.5072574281925745
0.47278135117820713,0.5753450945919389,0.548668347736912,0.0863094436397363,0.3700939613629866
0.42895722538580333,0.5779814698447936,0.47317831096385743,0.21856175623640176,0.4585478863211731
0.23783996054495968,0.6600741618987709,0.5641991589957495,0.18849458033178268,0.39227969120978123
0.3887391873820805,0.6013982365453175,0.3654628948326418,0.35352686675934214,0.47818158920390247
0.44433199378515725,0.6080122254413555,0.5939131617697869,0.09079862952051573,0.2681659526609749
0.4617464343648771,0.6402752099394791,0.4063242798162745,0.28146693297316205,0.3640258660627642
0.3772464097390368,0.6300989627433768,0.5031750824834756,0.20354741653241454,0.4074846366176949
0.3843731867208742,0.6120389824005332,0.5081064213447184,0.1123334922696875,0.45483468255501297
0.41795612062538207,0.5896642450297817,0.2981487929805274,0.2935573278253111,0.5500365005066082
0.5411871781199447,0.5767230596102016,0.2159074682737353,0.38242409669625144,0.4261956430585619
0.47480493287962433,0.5977942141587561,0.3838783296052506,0.2592349991207773,0.4501521926213666
0.34825743720469815,0.6258018376413073,0.6303784740166867,0.06564076148407659,0.29223806624832876
0.3641777867903835,0.6350132634032921,0.566480554196266,0.11407025916277831,0.36086071080458054
0.33930147425796264,0.6273204045327222,0.6034155826400436,0.08722037380471218,0.34586971628608637
0.2701968747074252,0.6492312238089176,0.6189947252618033,0.04636647844368127,0.3466816215271748
0.48823558587227905,0.6247432122404579,0.39873104478348387,0.34904671237807566,0.30083530037439904
0.47907464232441516,0.5669925538995306,0.46953299855911557,0.1807662839363995,0.4425711747957975
0.3910984715059482,0.6337274799273183,0.5986114897834437,0.09999776520455506,0.27766202121288136
0.3825873096009029,0.6349196953053331,0.5355291934224474,0.11343496394490746,0.38838759376793486
0.3894952632467602,0.6122446388786529,0.6182792538216111,0.04364980176012946,0.2987898946965546
0.45109630812219514,0.599933886436334,0.4516882937546785,0.24589569138133702,0.4148547299344709
0.49077269577113264,0.5996789589330449,0.48058299719514463,0.15583506038704487,0.379845658208189
0.5077437760547061,0.583406534398543,0.43000278882774373,0.18477340080940255,0.4275388467174427
0.19279530145805387,0.6725559468773616,0.6970542935233466,0.08925843265302212,0.1290221459152956
0.2517872316961082,0.6440173261892121,0.6260113562584615,0.07777034908327557,0.3520034490765899
0.2926228497766926,0.6381641033437192,0.6002779979075409,0.0723824090598626,0.37622540727452114
0.5083839202220255,0.5869184498798394,0.4289826959156333,0.1862841364052752,0.4223086430314063
0.2893696820653392,0.6318450995362097,0.6417886157723625,0.06646714116471997,0.31737430441651343
0.45385458069759876,0.5815304871736351,0.48266932667334683,0.16748252271686437,0.44138219010342344
0.3355025731078847,0.6630939639940958,0.5610681494092304,0.16994024563885204,0.32259457990377544
0.3172169662457691,0.6315225869430118,0.581500205673007,0.08832126548859073,0.3932041243061689
0.336389055947412,0.6584574307821349,0.5358273763282612,0.18183983816624516,0.36482805665058804
0.43710517886429234,0.5828589389878741,0.4530053346973851,0.1919519728917397,0.4766079381321966
0.5214225963459607,0.5601806002968391,0.49989415561728634,0.08892082037996553,0.3956198831625433
0.3963925148770163,0.6290387898182919,0.5600927640030249,0.17705356098443797,0.3195798919012195
0.45578351276472223,0.5873004156035152,0.5041952136323169,0.1496539625291664,0.41319546146269526
0.30882984586922946,0.6643348438726653,0.6436257413929172,0.06671705489296584,0.21113521998921983
0.20848449340686856,0.6451666632822011,0.44801123619566974,0.15241551131714445,0.5624496748603858
0.3330965836381028,0.6260938281176814,0.5221120709701562,0.0843440425783477,0.4661955085480424
0.4137512450592284,0.6144802010919469,0.45599197644786355,0.18710172895757385,0.4563860757233908
0.44434640994459484,0.5862012085832282,0.5253288793207962,0.10663702823896935,0.41422520901658094
0.11738393860768516,0.6608156329075449,0.6606136228838632,0.01876712742701508,0.3358290434884143
0.34209119040295544,0.6244115453856597,0.6226035306251178,0.03948728077662588,0.3223188448536435
0.3892638605197339,0.5970339066393374,0.4548790902934182,0.12458694559202703,0.5192179382668954
0.15656007586174522,0.6968941690159844,0.6246166133881165,0.12301415333495032,0.2907732178116318
0.16359172748638567,0.668429451154596,0.6559867573697387,0.067451997151112,0.30260769613981675
0.2847627208543119,0.610530675727032,0.5554700587484055,0.03177480429382958,0.4864214864231173
0.45058749498641526,0.58959829787524,0.5477849827875136,0.12590579354624654,0.36527263829701306
0.40468926300619323,0.587773932227394,0.6256033613553051,0.04850929579364529,0.3114734137675303
0.28550934594365185,0.6554881579521872,0.5715134760229238,0.10534322640456018,0.38870919662152253
0.4941986055137609,0.5781720048819583,0.45331709837914996,0.20569514101234548,0.41674691163828737
0.30715124712464914,0.6527628733090092,0.280245474385987,0.4091336647519965,0.4833537638954654
0.21249223833906628,0.6622105347615603,0.5988683013015709,0.08062649323257988,0.38881921580813034
0.2286487268461633,0.6518524288138955,0.6308389686136249,0.0863341414128094,0.3426321386940593
0.18848305979756924,0.6806668450857095,0.6212687632896904,0.10548995111497646,0.3225891754920975
0.4485283021008182,0.5979181307950436,0.5605273708083313,0.10453717344497976,0.340877275605095
0.443808092197938,0.5859170354341409,0.6092521527426803,0.04437257796076929,0.2942422362462934
0.42361080275066654,0.6092012612998597,0.6097732720384617,0.13921494637255644,0.24129539249142384
0.32071720154663214,0.6472425437601682,0.571652779801494,0.09825236209512572,0.3765330514933806
0.13180227436391753,0.6917546332503183,0.6512952438315499,0.10793031463302992,0.2612838311010336
0.4453755987023445,0.5928522105515857,0.5976640065299798,0.05803115990457409,0.299327500078574
0.47093714463345543,0.5828062214530197,0.509849058388527,0.12947519132198623,0.4022999211193173
0.19688406618222634,0.6615493886764832,0.6535883342793667,0.048245470225465915,0.3067307202123236
0.3179952383558914,0.6267399645563964,0.5699999534210115,0.12401660722097611,0.40718052439215435
0.18335512659653633,0.6563442998380835,0.6661277117982102,0.059697599272607725,0.2971584187540238
0.30480806881309147,0.6237428024214512,0.5954855200356868,0.04008314695431907,0.4022776334472675
0.36336518744505264,0.6310231592091078,0.5492915028264762,0.1630043442105406,0.3761435122209364
0.15560774272622704,0.6683102927873013,0.6673514402172547,0.041317031140694294,0.2865005080900815
0.39316409399129637,0.6100881487066883,0.46562107416444687,0.2804145684979855,0.4216386261618879
0.24201123911671493,0.6484822914704871,0.6217712407675737,0.06500832885892978,0.360660115792833
0.2818657873548616,0.6190308349072474,0.5018413891187394,0.12045603885948475,0.5205747460475936
0.45468465304735173,0.5903227772743744,0.5302141195721549,0.06932492712818054,0.3985573067944884
0.5088085876321989,0.5600095075285617,0.34766296484518533,0.3128247970098562,0.45691824419708016
0.41645631123835186,0.6066652848763711,0.5480851928806103,0.11046260844363731,0.3819973906147376
0.25030025708366366,0.6768154120573393,0.6103747209330509,0.16190211646186636,0.2837271295392356
0.33143061964489173,0.6739361376382719,0.41852959987033667,0.30763819973662143,0.4076218085949253
0.45205028538275493,0.5893470998257276,0.5053963343346151,0.1428773067445475,0.41530850686078175
0.3922403169460727,0.5999626887523778,0.6059720637865011,0.040876890037501834,0.34251896828971756
0.3940980255141118,0.6008777734909871,0.4376326480756759,0.2221236926582233,0.4927183557657854
0.43391488843077225,0.6076335211110608,0.399617203777059,0.23363310992783576,0.4777248517830497
0.5156954057828362,0.5548793331990317,0.48643594819644703,0.13089832317966432,0.41522628930987676
0.42521114728562914,0.6183549028957345,0.5836044355978957,0.0965419637466042,0.2948189381217849
0.34920076414526763,0.6202076298880242,0.5831225429549051,0.05079524959064745,0.38831593408701315
0.3502687358353242,0.643941421737734,0.5812519987262617,0.09028377217566962,0.34153508242224156
0.27760763711676095,0.620170557338275,0.5859439778668514,0.055442450624879284,0.4380847738685527
0.2409244467076406,0.6530576672707221,0.5246439627589448,0.14834290032644015,0.46713401766609847
0.43181490807192924,0.589658082325335,0.5912253885505807,0.0468654516396838,0.33778010671302544
0.43073859632593314,0.5917179238072846,0.4701083038221328,0.2096240115910529,0.4465312046456694
0.21820555414762938,0.6626285600911799,0.6224204375674913,0.008962269625029273,0.354714256990153
0.1984911477933041,0.619656979450813,0.7080001959645074,0.0018760779336536393,0.2745153819213004
0.5140484301968534,0.5538836508935864,0.5058138948316839,0.09865940644373733,0.404210017194421
0.28682335389682595,0.650957767448179,0.5651313681686589,0.12259702017362387,0.3994782297129923
0.41737343211179223,0.6163016452329313,0.5425699025117251,0.11467360026442552,0.3720746787154657
0.40975388349665065,0.6374200828163018,0.4299789229739994,0.27781541544168753,0.404640721780389
0.3715917944410905,0.6266104646937756,0.5841241503305893,0.10544212879492185,0.34199385713205893
0.3774904469919912,0.6221886265802362,0.5792073635855336,0.05138154071593246,0.3636771131456289
0.41784703911583265,0.5516681415048718,0.38169691994077104,0.13062242222202064,0.5985911439966961
0.3572595860606919,0.6031800861941188,0.5766390393052339,0.032813046615608556,0.4182703600633656
0.2145843945074243,0.6429788728984783,0.6062846862947707,0.0346533963017728,0.4144269874529026
0.08433573470820825,0.6920379755491348,0.6712473114450562,0.06915929232426651,0.24210527340822696
0.352014378731477,0.628095613060458,0.5292566046609131,0.15165625369115693,0.42245663109917597
0.2247243043022494,0.6621084130676916,0.6260846254661957,0.0960114649282553,0.3315286967338378
0.4348230081771403,0.5778840118765313,0.4519968799089627,0.19721948753837812,0.4835104080213062
0.36285745405086456,0.6171121542864627,0.5613749745895713,0.08707301753782067,0.40593532070154015
0.3615919568780791,0.6273997858948945,0.5864671151465554,0.14040691084254975,0.334608708224175
0.25476414714673823,0.6350939898988917,0.5919161420811815,0.09651096569662644,0.4148153415279342
0.35767500511068223,0.6275424184761981,0.5928841156241001,0.04168354396486157,0.35356754847592536
0.32175265738844117,0.600365535075801,0.6126065990182666,0.025655328897913457,0.40011424705330867
0.3889568226442983,0.6185888414430932,0.5167904460466569,0.15258399973630274,0.4191732258385701
0.16383177147592154,0.7198994467421532,0.5683789336871133,0.2499550901452198,0.2633852271608985
0.4855409256549581,0.6143987313408203,0.4566598704841791,0.16742650680579887,0.3875491400443269
0.42178523340219215,0.5766450799945237,0.5078672109983885,0.14964600964527697,0.45744358820725817
0.41354464409437025,0.6355803595661187,0.5460627567018821,0.1744631996709784,0.31047784394118944
0.4822335425190058,0.5784864255044819,0.4247644901771471,0.3235398175336345,0.3843193728287302
0.3029249130906895,0.6155469649478531,0.5821321313653152,0.048715401926913114,0.43369046821397794
0.41102294772673265,0.5843747274704418,0.4396557916519504,0.12926396965500064,0.5287342672380921
0.3703295862236319,0.6392623882744545,0.44790822501105226,0.19514048206497708,0.4642176329395201
0.3907470560326255,0.624903931497432,0.6111523740740124,0.05925090850330069,0.2824781763360159
0.4886628903547524,0.5699825516210978,0.3158820930596578,0.2459059107030343,0.5254305442236897
0.22851715764713718,0.6800492510535975,0.6194324813343693,0.16430935804480154,0.27316434747083346
0.18475638528296476,0.7133641828613411,0.22284171081174622,0.514751271589036,0.37729208980272594
0.4450417435745139,0.6151195610377567,0.4584934264483878,0.17980580234169025,0.4254637745481416
0.38765968860787753,0.6089173272634917,0.41903299432765456,0.22594355074775477,0.5022952477647243
0.4083302057538393,0.6030695854857614,0.6132742678410094,0.05749712428782179,0.3002703302588581
0.31091216993099285,0.6378811521530345,0.5621806628673033,0.1611676562875105,0.39296201747953835
0.1850607712705561,0.6634005353571023,0.6226156384987923,0.05633131384140957,0.3671904007491192
0.2857555747568745,0.6343337822267516,0.6447469090250697,0.04825957774059639,0.31294862306805243
0.154266038595255,0.6664737323015477,0.657790525233088,0.03340302415513713,0.3133857309754892
0.37717909642129605,0.654221575188835,0.511567005208828,0.19389806660739803,0.36115481268818495
0.4733474680031734,0.5863652072821649,0.5129721114291267,0.13112893879299697,0.389593162838999
0.20557668076184257,0.6539546396062652,0.621452187504487,0.02810174395935259,0.3782711042317588
0.3329262823062299,0.6197353439180563,0.6006900104416774,0.045078926289766466,0.3771307410019243
0.29118063248840836,0.6229951983694365,0.4340001693819618,0.15095861078488557,0.5620908937872974
0.3195533049738241,0.6450803636772267,0.5426471045060326,0.1730832117919932,0.39665265843726544
0.31740944157917145,0.6453409221336552,0.6507086513744696,0.0720181753099689,0.23276162498900851
0.30157058146696814,0.6620198024412265,0.6089730650083343,0.14059333481277958,0.28314357818946007
0.31499987981880984,0.6296342660260823,0.5179972456093904,0.14074166417659462,0.4649800041569739
0.411911474726218,0.6211781033955636,0.5588093224176035,0.1044838352819157,0.34825561042820696
0.27600190987020284,0.6502647347510393,0.5907163374786897,0.11856934112256051,0.3714488396383621
0.23457024371323024,0.6814087366927299,0.23651106585422105,0.5989819802942242,0.25679181710958643
0.3321067209321577,0.6119642804365469,0.5387847838888405,0.08742839082575421,0.4661245311168933
0.22801615540140696,0.6695995932031803,0.6515032485069423,0.059972350169054923,0.2675665376279307
0.36029523843215305,0.6083861691989119,0.5266954335076551,0.08196294477194431,0.4646801117942163
0.32565040425385416,0.6094303668781309,0.5437597639031693,0.11681692010558094,0.46176354173224216
0.44081755776564285,0.5699714750938765,0.47049076893359154,0.12593733326632478,0.493549007478375
0.3270588045908412,0.6350588557912059,0.6085913153792609,0.03829660205641528,0.34334060222561463
0.4126102060385894,0.5947310955654768,0.43503560247896583,0.35594782790810797,0.40011612092434334
0.47069404663840614,0.6062540097921337,0.46959302527215097,0.15811707756475757,0.4066750182495242
0.2753627025085633,0.6700111153675293,0.47257202093792755,0.19630307640728126,0.46195375804383276
0.497142437334554,0.5874445172952764,0.4371814036130255,0.17165520880900723,0.43262598826753346
0.3576386758495212,0.6259560866804925,0.5748696812043443,0.12119322096057604,0.3675739488993488
0.14340098691889255,0.6739214398932022,0.6466963375493531,0.053305502417582765,0.3228132900226118
0.43494065014816835,0.6074490196293683,0.5641729575155622,0.1079100638895768,0.3345095088626019
0.22115621007627204,0.6640724736231339,0.6736689781736783,0.05967898367017112,0.2295783249248054
0.33288447121260883,0.6157275214365037,0.6340987005193832,0.011766436029166128,0.32840209675634346
0.4394994413831561,0.6128255065303326,0.4661126801692346,0.20569068483273512,0.4143856309384148
0.44163981420813875,0.6220653785963398,0.5092671810637609,0.19146890271721848,0.3492499632664667
0.2744427190422085,0.6746858712828351,0.5842129239087053,0.19496649517068163,0.3002723669519774
0.22431083439420982,0.6340678658158452,0.6907098568985197,0.03345176530946887,0.263521278256651
0.34753486340702205,0.6346524875781131,0.6195360087501315,0.056127480883095715,0.29909961297074583
0.4492186045357788,0.5993619534704157,0.5169086763162044,0.1493947097949736,0.38659350111630153
0.1520949994874367,0.647240027934301,0.5928258213208942,0.03652894205201429,0.45295765733486604
0.31619255438838767,0.6237870928914913,0.5971736804877306,0.06455762613009589,0.38746333959810075
0.3577670658408564,0.6274896729206745,0.6470517670087985,0.07148426387519033,0.23339547512011186
0.5302149296218188,0.555989910917926,0.5149175861146967,0.1404366334391224,0.3533904057295636
0.40275019114666066,0.6338575204419323,0.5885676645784942,0.10418245099905332,0.28062617202780726
0.49149593653928025,0.5668019920304777,0.541571918923089,0.07529011174742133,0.371750590991705
0.46689648630970537,0.6305839462448664,0.5249425420216338,0.1406599545672143,0.29836498213918705
0.31724449389946435,0.6244496327479333,0.5658461962500805,0.06103440071049506,0.4307104263547262
0.46820469473870324,0.6139722955501304,0.526277584772876,0.1287816148393631,0.33206864285345483
0.46783640154437783,0.5851077024209355,0.5056744849133935,0.11664213946109554,0.41166248865692684
0.19714456451708917,0.6258193479210385,0.5062808020803147,0.1578669759138311,0.5368816739373661
0.45607424509461875,0.5840286505970352,0.44903875232654505,0.2077656052127626,0.4539873020721768
0.46033824214412544,0.5612909825091664,0.4820576129595083,0.06036285291679477,0.4868448618903947
0.34229152002111823,0.6263853467072331,0.6035961041280998,0.06163517078366914,0.34978673724991305
0.4142776698334138,0.5669301403681108,0.40727075760982645,0.17957551240144481,0.5557404012317873
0.3869896530635434,0.6193384645025769,0.5912444505711377,0.12500574248796412,0.3185316920232823
0.4126752697613447,0.6177299493805865,0.4358052251008823,0.19516657115406386,0.4691403272416414
0.32092858451997935,0.648823316246552,0.542760685082311,0.08956724631778605,0.4164393053601673
0.29832395316103727,0.6190148562526938,0.46397855957727413,0.18387767042426842,0.5279548515552914
0.2395767704917125,0.6580404562487014,0.613891487332957,0.09246299202439116,0.3523826980241643
0.3048033507401532,0.6302152349293709,0.585280803763516,0.08885413806491797,0.39934320819962116
0.4858235193210298,0.5777667879121094,0.5544951792911688,0.06839484550166454,0.3435378990910766
0.47867826425444077,0.5687103221111948,0.5324677903006316,0.10714693199420736,0.39042704326305067
0.3180514452970966,0.6351164124947858,0.5924111888483996,0.05240096923064679,0.3765282757975761
0.4157305157231583,0.5932697284625235,0.4895454711844547,0.07649630165021401,0.47926267856280075
0.3274944125073681,0.6301859348964859,0.5916719133735107,0.02914118295257305,0.3803790683202076
0.40302146423247354,0.6009603106969175,0.6455329872284226,0.05725269523307718,0.23754935407926328
0.4774154655306919,0.540134352111933,0.54546733819203,0.03159190288319023,0.4263762300816684
0.30226002159912374,0.6541033688266958,0.5749434144155497,0.06034712149946682,0.3828654559755719
0.47591263149015134,0.5774944172996589,0.5059955393698268,0.14384319405094476,0.4040854053772632
0.5014684575247019,0.5654943566992563,0.5455379384262228,0.031332782311954195,0.3607660365657342
0.34296395248717715,0.6306348801857187,0.5582097500411578,0.15400917947962653,0.3864691744272986
0.22024691908828892,0.66737969820897,0.5766617366774901,0.13736594054477277,0.3933032835878334
0.4260206612117263,0.6113090008229259,0.40728065632881444,0.3035537334412862,0.43218664906244636
0.27660266639425646,0.6156454756073103,0.5695736815926662,0.02889337270560683,0.46821213948220886
0.3711737215366978,0.6092697226055384,0.6016533386819237,0.030303380391339375,0.3579321705945419
0.4457492444358928,0.5955668915689031,0.5556467907800254,0.04430791099970508,0.36864772028385884
0.35128813786614144,0.6372086228760041,0.6306900201682352,0.03353285367391436,0.26770779090583063
0.20570293341787269,0.66890673775687,0.6365191515068411,0.08691694437419221,0.31231217381397236
0.22719927266743256,0.6643919716284773,0.6461256902892569,0.10961678471732542,0.27833352545369205
0.3231400337166973,0.6299142240783625,0.6129941162410516,0.07340630446302937,0.342984426515636
0.1840952433314363,0.6656960383104291,0.6641372378912972,0.08045193779670175,0.27460324271831377
0.1994986287711747,0.6293802525913008,0.5737210825688719,0.13584647767074615,0.46526406339516974
0.2963330447076314,0.6272900839309454,0.6454513409004649,0.018308958794849322,0.3189846795284265
0.41506857269784103,0.5824789868263959,0.47225962107064656,0.21341775098824994,0.46889233703868416
0.34941392329431037,0.6448428183036744,0.5743752205726399,0.1055833211942924,0.34789785594045575
0.30041228619651844,0.646797072835676,0.6034706112676999,0.0630836609882134,0.35106933492672754
0.3485974653587635,0.6301119578795249,0.5626325966557226,0.11226009927660077,0.39023192972067766
0.24867442514611274,0.6562187197017522,0.6312158127404187,0.06408602934320369,0.32403333282352037
0.17175984859365104,0.6888817410503727,0.6479786009471806,0.08668373966815454,0.2618208609911966
0.40050541656943456,0.6189212362770913,0.5387042829266689,0.11863432713432936,0.3901993164597153
0.3288595375220046,0.6489383372340755,0.5547626462919396,0.1680413226246318,0.36705716069628064
0.5317826348672808,0.5783451194586104,0.4841282672659148,0.09928526949346832,0.37213761990388733
0.47776342202837435,0.5712500804322639,0.48691089903825396,0.15987195505755422,0.42752098493723567
0.3738052051256098,0.6645666719629688,0.34979057335839137,0.3918182932798317,0.3778171343096451
0.31335565064740395,0.6579711137047843,0.4845129650964539,0.2072011430435375,0.4372609320672517
0.33655020830036636,0.6120176044706342,0.5812195982229224,0.04374684838114953,0.4152570300540469
0.5215183399125111,0.585628067333038,0.4983539005905384,0.13331989176569323,0.34485878865478975
0.37149394826734605,0.6334519610702986,0.5503126524563714,0.11983077263212885,0.3788501417364806
0.4819123308755511,0.586592625588882,0.5120159468476803,0.15195431225870934,0.3720472471534914
0.3149466097270507,0.6361112512636482,0.6341437342963714,0.08061336159985717,0.29586199353998927
0.4373811989781542,0.6672033111022301,0.4934734484291456,0.2431930630860283,0.24673572541676117
0.4054879315995156,0.605056284395017,0.591406085899136,0.06514605614293212,0.3398253418621523
0.3700670852336417,0.6130888386228844,0.5644997513282682,0.08320647619449711,0.40198151879450555
0.43962989905424066,0.5876817649846289,0.5786711972397491,0.0630716508568298,0.3500247238487866
0.43178510072248566,0.5733470898534542,0.5362280459293237,0.07369224683025058,0.43802246160051733
0.4031448370862713,0.5924368492759717,0.4524296191340194,0.1272493751992405,0.5153715709973655
0.14105571568349776,0.7000317576987447,0.5499020577243213,0.20962407238854092,0.37910987651606115
0.38418793019844505,0.6074539070975125,0.5981799245126348,0.04931464866898258,0.35092481869841424
0.2563831491784936,0.6494694271006813,0.5817314990255578,0.10158665686105703,0.40463039711334414
0.4481301937735629,0.5780152254366668,0.4886604219692926,0.1277007432259285,0.45823710104290627
0.39381177450197147,0.6206197321998159,0.5694718944714775,0.13015765152577924,0.3442443629519553
0.3530709148356122,0.6170637587702099,0.6450158596058823,0.07590214136400707,0.26975294716233794
0.4511590560597091,0.5772126702153543,0.5070374121366157,0.03938333554520357,0.45237490541950987
0.26981360618430894,0.6501768940774915,0.6752743502661637,0.03408514721474165,0.21751638774475074
0.20718187573581814,0.7062851821015458,0.5475800014283155,0.2821605703684481,0.28067501932928124
0.47554536449868967,0.5939840687354966,0.59301615335763,0.034998954967749886,0.2610487452571235
0.2421234567370045,0.6806691537864833,0.5767124516049001,0.14698968215510397,0.35194106933565444
0.30654727699455353,0.636967506310364,0.6251122389551422,0.03310200585430754,0.32930245791504686
0.31753967178088727,0.6341037685732033,0.6277385554312889,0.04592854874137363,0.3176725388857175
0.2533158810544142,0.6572528105074712,0.6563935617079713,0.07622663978532333,0.25920416474474006
0.4409844614134946,0.5990006264975158,0.5223992992985914,0.12456374104610578,0.3978866682315115
0.22985001630363797,0.6201521368955076,0.5748075771600225,0.023654559458282494,0.48126604717703947
0.24861141977287055,0.657609585437528,0.649698093136065,0.06835120186030821,0.2810026620493344
0.5698494754247777,0.5020097145019428,0.451418287911828,0.0864246388231403,0.4604455809830595
0.3239408083780048,0.6424901494895098,0.6058902331110949,0.08528536512533025,0.3284694694981171
0.4449891412948537,0.5955679913684377,0.5850295876599839,0.07851987000960267,0.31441762571951587
0.4284681315952864,0.5885738815457064,0.5593491953026545,0.08025671735157495,0.38817931836161396
0.18300754318660395,0.6807999497720942,0.5611143652804368,0.09454309018051137,0.4233579344977126
0.21522309289618266,0.6515172489162656,0.6723766246474104,0.04010079861152906,0.27478336053563185
0.29745480399323143,0.6620483910597429,0.6659081911085539,0.07520575364344141,0.15531562416579234
0.2133127965066283,0.6640885475669955,0.6567307245613377,0.09797233078368933,0.26942574052015106
0.2397857948092907,0.6570775781140342,0.5940462898224529,0.10614392134423371,0.38287635400651154
0.3498110692662351,0.0,0.85778410390729,0.0805534816852557,0.36789914853280636
0.5222226745759961,0.0,0.7639234777609049,0.08160721210820637,0.3701954365146924
0.43100758385543697,0.584937606578799,0.4571361353740879,0.17929768885397548,0.48058230468446406
0.2861321088630644,0.6416230999122692,0.6080966397748925,0.10084584930787925,0.35566389373733553
0.39970412681686096,0.6193505344670174,0.5506196081540398,0.1576871508607725,0.35860052430342904
0.10865963706784569,0.6564373350180959,0.6123141036743757,0.010428891426577942,0.4269025475816265
0.4029985404712356,0.6039784945980936,0.6385023795374717,0.03863230163996874,0.25223879764235235
0.40033742913426873,0.6158981880208029,0.562590477560006,0.07870372870815764,0.37107552125287535
0.3662460545468451,0.6377499370741488,0.5732051529026265,0.12775622671734405,0.33801337919025004
0.34679857869822184,0.6172380652723279,0.5724247033893806,0.055791086788152866,0.40983561360177445
0.35863243680344753,0.6390663500574933,0.5372354512657809,0.18736644963640564,0.373160634245516
0.31452862943176907,0.6014198101541934,0.5021713779844956,0.07660176827639596,0.5303979915610059
0.34209730675948213,0.637538498006267,0.5574712155021989,0.12333717428640291,0.3879792283014234
0.547367275270517,0.5847242684176811,0.3725418514032237,0.33237150868286996,0.33049711807407506
0.43910420731942557,0.5881016723467964,0.572961387552724,0.0634915925811619,0.3591768145947693
0.29184104115812276,0.6500087094317063,0.6365705051033893,0.08360344088858886,0.28302992962348456
0.39921635665790717,0.6052860712090565,0.5921456679855525,0.05414033100047029,0.34740092835540176
0.12093180861448485,0.6880998079957804,0.6553241221724937,0.09736621703304775,0.2701189859690053
0.4533885811004598,0.5779718316805149,0.4063293683471855,0.20388653775295365,0.5037003875849939
0.45483546213077275,0.601137540395058,0.48928329907200563,0.14752178002233865,0.41303454768859393
0.47290111468891444,0.5792959490254755,0.47060918912945954,0.16451715559511346,0.4384539152413419
0.05281771566963908,0.6885004559197058,0.6601249306103373,0.04586885346041345,0.29207624925475034
0.3876932421632306,0.6056684665168568,0.626155747201101,0.025317688834881075,0.300245988361498
0.3466760288677442,0.6458864050299703,0.526307463759653,0.1659311496363309,0.39763524740294237
0.37402982889819075,0.5954418884851553,0.535645323596428,0.056188590277714105,0.46419562057768604
0.2592865623873533,0.6629141696980158,0.6375243616322678,0.15808870833713054,0.24876883004228406
0.47100008381604835,0.6215659570892128,0.5007172206403993,0.16375401537333603,0.33805557152088034
0.25104168535394866,0.6545610396884988,0.6269781700888273,0.0561619975337135,0.33507032366601686
0.45818700740257484,0.5793796907322437,0.5522173781350398,0.09107121391172764,0.37569381349283504
0.31254777806354206,0.677817349368076,0.601346437198886,0.21724090881417263,0.18457079218819306
0.4993344316478833,0.5624878495675317,0.5441066116844111,0.05596055560029067,0.36754449499073616
0.4369538669834091,0.5925527481814469,0.60554448508491,0.09404201108561595,0.28709673541349057
0.22742698801470326,0.6403937201131256,0.6698920257721086,0.03065496846008227,0.2974521727570398
0.1813345605837975,0.6594563666902621,0.6716169081790241,0.02099666623704398,0.2841213582688531
0.4721560059270997,0.580924882192113,0.49613642840821437,0.15959993061548802,0.4098432552463445
0.45850145017023514,0.5794096888214556,0.40503372517644765,0.20602036358650935,0.4975581613731079
0.3536455367176036,0.6225795387145817,0.6094720194483461,0.09353960758824777,0.3272976499387802
0.2831857168214133,0.6492772260640286,0.6059042982180077,0.10509505919734329,0.3465255307133851
0.3625357240342896,0.6266051390912686,0.575499357266272,0.07855311806163924,0.37224151554098234
0.4947849060478068,0.5690265701703593,0.5355358752281623,0.08105495505796761,0.37152130462677
0.37010940116515195,0.5870959569761628,0.47814811721384526,0.10153592451631352,0.5285850948606938
0.3460088381942062,0.6348730823284465,0.6548698326905836,0.06553296825112909,0.20991661566030587
0.3862628075596963,0.6125516112193187,0.5925829456916368,0.08649121211707594,0.34197410690088675
0.29071771087609183,0.6578665406511456,0.5657036725645618,0.11205411886887413,0.3874507150156612
0.3101575512893857,0.614740873783295,0.5593012333635533,0.06848515122953118,0.4564951981099027
0.45382249270648045,0.593026080885204,0.514050184974543,0.15152012163458106,0.39390261813180666
0.4519914736291851,0.5867050175868181,0.5943010259455475,0.04406563974031694,0.3103956186213252
0.19335492027977236,0.6573152256249601,0.6925333300148447,0.06539118252844342,0.2160373787826837
0.3796751680244211,0.6026562010990413,0.6319559982017081,0.04478539465431011,0.3021227479436789
0.11782612301074201,0.7045110203684462,0.5921321517923297,0.19785627523421945,0.3162493258172963
0.21152246142352316,0.6620680241073178,0.6781581610551024,0.056970623959640365,0.2319052314372776
0.39921583359000923,0.6241288848811453,0.5898344449228996,0.13389236860410425,0.291989750642261
0.3771428952878795,0.6022413289006046,0.5853274013190186,0.047717935552551556,0.3875350954296093
0.33292623377588904,0.6387625841106995,0.6539516665523809,0.08485710824572942,0.21514872297450366
0.41865222917828177,0.5922261666422917,0.5643280188989996,0.11321600124830701,0.37777573068568804
0.33871006830552575,0.6302857036885867,0.659148310138326,0.06195079254131009,0.22293726897838798
0.460823715085722,0.5752602837040501,0.522752470783804,0.09883382607515866,0.416747931872616
0.44386668957180125,0.5776815431762509,0.5685134510691745,0.04869902657042481,0.37906102058453095
0.33855582942138696,0.6335679324663782,0.6043402806735008,0.09503006553878855,0.3312306403614306
0.4299174015601566,0.6022458784040995,0.5692920485893622,0.10327081671360579,0.34309274490911323
0.4740031823303424,0.5577187775739926,0.5427624758018026,0.02461314152292489,0.4111858903317936
0.43826156394590565,0.5956207491084691,0.5405981904427642,0.12948145531038824,0.3796720611526055
0.37793632234751473,0.6069817781283475,0.4690233950731228,0.1760665503834103,0.4876011505121293
0.4411466614706236,0.5948701076707761,0.5198487064396536,0.11721380355982235,0.4093133576383019
0.2026149882248277,0.6669375612928775,0.6102820916593881,0.12624642828109073,0.35462524420784247
0.4866256233242336,0.5325822759593287,0.4112885820991387,0.12694901533849995,0.5424732913220225
0.33175135294208946,0.5962425112804051,0.0,0.6698180852008979,0.29288161482232355
0.47890968688947655,0.5569469643062853,0.5386885672447549,0.091594901928237,0.4023438730911491
0.36004504437393814,0.6019015812195735,0.5162087759707195,0.09131499796801641,0.4829825289842882
0.4376023965932961,0.5916420964749585,0.4246049340899964,0.1709838610638922,0.4989378131356983
0.4651420103172389,0.5689837329244644,0.40663804191520553,0.19330507051606846,0.5071282623612341
0.4145482585334096,0.6236289403704549,0.5649383396058395,0.10049687364642752,0.3316349452485853
0.34436963883608046,0.6252095511522358,0.5819243118041528,0.08355717440442115,0.3806637137063889
0.4381558342048603,0.5990619437399933,0.5713836531904171,0.13437634364526443,0.3234315563608581
0.23037335776070555,0.6565460374484368,0.6474636940552515,0.055666027395680835,0.3058880105841426
0.3851011744637701,0.6219564132933753,0.5926567400048506,0.08320560632710669,0.32665290599109426
0.4201384727616277,0.6157637102766775,0.5795482689442071,0.10876989958403728,0.31082411380084163
0.352027085220682,0.6339218481887222,0.6099975949819058,0.07153612733504133,0.3114571210651971
0.43638198620782775,0.6015543375194529,0.5585401932859024,0.07549138447791832,0.36060649533611716
0.5816149402891063,0.5096893671859954,0.4996383014375103,0.04978095100211657,0.3870713562949384
0.42955857141382514,0.6227073180230114,0.5761115647538703,0.0892110843555526,0.2963981733925756
0.5123181344079364,0.5650325190751624,0.5506502182594125,0.07211913294562726,0.33143860568494443
0.35565314870624337,0.6213844579316828,0.5781222013628019,0.11596852681021923,0.373788997078805
0.36023849524087714,0.5657393598292413,0.4258214013919488,0.09265326255422512,0.6002155532317064
0.4432877887039463,0.6294619677098457,0.5107625790062602,0.22514127259248304,0.30936477313218014
0.28891918542122536,0.6222036569561704,0.6364573912142022,0.026942999906134333,0.3515456975853552
