title,indegree,pagerank,betweenness,closeness,eigenvector,canonisation_score,louvain_cluster,leiden_cluster
ABDALLAH_noWikiID,80.71672405165681,0.003088166745637498,0.0009558166065427188,0.4140866434092677,0.05883174854679556,0.0560723413501725,0,1
ABU_TELFAN_Q335418,86.58735021728165,0.0027689704150250516,0.0006444053895723491,0.357685851734141,0.04720747031906567,0.135719851904178,1,0
ADAMS_ERSTES_ERWACHEN_UND_ERSTE_SEELIGE_NAECHTE_noWikiID,31.384660850225888,0.0007984819143294059,0.009367002744118644,0.34123591831112726,0.010682790842295908,0.0275134422375932,0,1
ADDRICH_IM_MOOS_noWikiID,76.72549703025513,0.0027257754469686367,0.0015231400117164617,0.38099976848984296,0.06489522045052187,0.0221068485323305,2,4
ADELE_noWikiID,44.57247214139249,0.0011310316059662106,0.012548947060093114,0.3838588481793843,0.014613482247608741,0.0205467828522686,3,1
AESTHETISCHE_FELDZUEGE_noWikiID,11.805765824310782,0.0003399601408633863,0.0006012394783091295,0.21981717610258628,0.00014031310921482686,0.0275134422375932,1,0
AGATHODAEMON_noWikiID,30.723789089153197,0.000560085308097357,0.0005519070082940215,0.2438999330152617,0.0014703843154309031,0.0741722353260478,1,0
AGNES_VON_LILIEN_Q105642294,79.51721783114155,0.0029273956403609988,0.0010976474578361544,0.40136780971388814,0.07210519604326081,0.0205467828522686,4,3
AHNUNG_UND_GEGENWART_Q402329,73.74114519335146,0.002824159251459815,0.002330959208213856,0.41811163417783836,0.06681752911518228,0.740328921716904,0,1
ALSO_SPRACH_ZARATHUSTRA_Q199774,45.78968908216343,0.0007689458253470927,0.0008540683871365584,0.2603350635414383,0.002115217819483871,0.0205467828522686,5,2
ALTERSHAUSEN_noWikiID,91.70747960088114,0.003930068897467961,0.0007831529614898405,0.4287331461915724,0.09230460152832694,0.0560723413501725,3,0
ALTE_NESTER_Q436036,44.80876534252145,0.0013144788757650668,0.005127493602195295,0.3913626069210827,0.021725555609879134,0.0645339993923284,0,1
AMANDA_UND_EDUARD_noWikiID,79.7065614211741,0.003069389478746279,0.0018283846699349428,0.4396801277430256,0.06693545024044573,0.0424309919848873,3,1
AMAZONENSCHLACHT_noWikiID,29.44331191136787,0.0008274853895158279,0.008966176425245892,0.30709019649612557,0.008903582291041247,0.0205467828522686,2,4
ANDREA_DELFIN_Q28054637,58.49091491909152,0.0015868999621409395,0.004584836432029106,0.3900419314328143,0.024286604341467823,0.0560723413501725,0,1
ANDROGYNE_noWikiID,18.795744979321483,0.0004401529383672728,0.011059723121512039,0.3139157183958872,0.0013577949158011967,0.0205467828522686,3,0
ANGELA_BORGIA_noWikiID,81.37038314387503,0.0028973381120116827,0.0009034008571516664,0.39353897423450146,0.07212248695564336,0.0975111340573339,4,3
ANNA_noWikiID,39.569691177228364,0.0011468626210569574,0.005815064903030864,0.33801940201350533,0.021105537134663316,0.0367536016133564,4,3
ANTON_REISER_Q593385,33.51258954171812,0.0005772332621539662,0.004510837727006444,0.26639767940532755,0.0015719369796044801,0.827943039612669,1,0
AN_HEILIGEN_WASSERN_noWikiID,67.8336106433654,0.001708814725124724,0.002898282613387599,0.32673105950020626,0.01456049336319957,0.0205467828522686,5,2
AQUIS_SUBMERSUS_Q623355,21.888512784667576,0.0005545771152662411,0.0062621404125427806,0.33465200885169255,0.004467843466582108,0.389868771519071,0,1
ARBEIT_noWikiID,29.394986357555315,0.0007020150017919267,0.007581783985446921,0.2832596425993216,0.003525267397721207,0.0205467828522686,5,2
ARDINGHELLO_noWikiID,41.74694165632821,0.001202449744305624,0.011303302192211635,0.3606916581720995,0.02209326099866523,0.274620702296579,4,3
ARDISTAN_UND_DSCHINNISTAN_Q639501,91.36164504475275,0.002436512423182533,0.00024049579132365184,0.32347112645706627,0.02446880996335639,0.0601640846066759,5,2
ARIEL'S_OFFENBARUNGEN_noWikiID,56.04172727694534,0.001168915455187285,0.0007739031233620078,0.2740688900589108,0.006674965537800046,0.0601640846066759,5,2
ARISTIPP_UND_EINIGE_SEINER_ZEITGENOSSEN_noWikiID,38.525408784126526,0.0006865077424892744,0.00016958036567693398,0.2571255576456549,0.0027225291815035674,0.0645339993923284,1,0
"ARMUT,_REICHTUM,_SCHULD_UND_BUSSE_DER_GRAEFIN_DOLORES_Q689540",6.915549592425162,0.0004231959074496253,0.004905497487127308,0.3329502839902768,0.003685711528965856,0.154236863598718,3,0
ASIATISCHE_BANISE_noWikiID,39.78257333565018,0.001050193647106221,0.0024203743101162394,0.31713994470779205,0.014284099960064574,0.0394945910733656,4,3
ASPASIA_noWikiID,26.318798598280875,0.0006633203641305872,0.011790460333610827,0.33114442468804633,0.006743089531659301,0.0205467828522686,4,3
AUCH_EINER_Q758582,95.7172255094073,0.003812907921561065,0.00037307680448925474,0.4123159820533408,0.09937908320352161,0.0221068485323305,4,4
AUF_DEM_STAATSHOF_noWikiID,45.843775604444325,0.001271008484194115,0.005663984213609595,0.37405023145729005,0.021566078124479134,0.0741722353260478,0,1
AUF_DER_UNIVERSITAET_Q15792139,39.60442131896753,0.001195850661004087,0.0019856319181081,0.36085895399737744,0.019137413970653622,0.0560723413501725,0,1
AUF_DER_WEGWACHT_noWikiID,80.73223795759714,0.003154961012914689,0.0007307372120987883,0.41405754005880374,0.07064950497265196,0.0205467828522686,2,4
AUF_ZWEI_PLANETEN_Q4310936,56.70334284084937,0.001991876479602503,0.0025344556470261767,0.38548623994464454,0.04507926499790226,0.0205467828522686,2,4
AUSWAHL_AUS_DES_TEUFELS_PAPIEREN_noWikiID,21.668585467989466,0.0004415058299346553,0.0006289889926926279,0.23146998203903782,0.0006264592113390732,0.0645339993923284,1,0
AUS_DEM_BOEHMERWALDE_noWikiID,64.76425912255002,0.00231023711369285,0.0016063885548669565,0.3639006740559463,0.05321035223211168,0.0205467828522686,2,4
AUS_DEM_LEBEN_EINER_FRAU_Q101323690,62.746459767584994,0.0018314968699640072,0.0010082323559337711,0.35198639887797517,0.03923162482243987,0.0275134422375932,4,3
AUS_DEM_LEBEN_EINES_TAUGENICHTS_Q777658,33.65373608695614,0.0007162926830173763,0.00793636111368051,0.33743338761946395,0.005457394452251284,0.462879594039226,3,1
AUS_DEN_MEMOIREN_DES_HERRN_SCHNABELEWOPSKI_noWikiID,71.73270097778477,0.003121019635717415,0.003299108932260352,0.425875546004814,0.07975443254210515,0.259978377605495,3,4
AUS_DER_CHRONIKA_EINES_FAHRENDEN_SCHUELERS_Q777681,18.737721992058216,0.0004001381170680162,0.013174852773409799,0.27815563733103243,0.0003081817749373261,0.0851189742374057,3,1
AUS_EINER_FAMILIE_noWikiID,34.2015508182804,0.0005644661954727488,0.0009034008571516664,0.24954247859629206,0.0006979525173015757,0.0205467828522686,5,2
AUS_GUTER_FAMILIE_noWikiID,58.46737076608405,0.0021208272227807115,0.0012086455153701475,0.35794637650462496,0.04428748956589978,0.0221068485323305,2,4
AUS_MEINEM_LEBEN._DICHTUNG_UND_WAHRHEIT_Q569377,43.26023841246959,0.0008032434367094277,0.005121327043443406,0.2827902390099367,0.005050501056921251,0.838335598755431,1,0
AUS_TROTZKOPFS_EHE_noWikiID,72.72162610135598,0.0027236029086216114,0.002497456294514846,0.43434435938884003,0.05951429792540052,0.0205467828522686,0,1
BAHNWAERTER_THIEL_Q803617,72.7492280607026,0.0026438891938616316,0.0006567385070761261,0.37870537620024947,0.0626944573116358,0.407795370158162,2,4
BARBAROSSA_noWikiID,21.72474075252943,0.0004535820968498128,0.01391483982363642,0.30133313715347837,0.0008950344750922686,0.0601640846066759,3,1
BEATRICE_noWikiID,50.5523706267961,0.0010648345696709855,0.013859340794869422,0.3567702886835846,0.00919857996607907,0.0560723413501725,3,1
BEBUQUIN_Q30134038,19.199741697850676,0.0005143723724685082,0.014078253630561465,0.30613328941738976,0.004174593861105142,0.289764790109877,2,4
BELPHEGOR_noWikiID,72.53128516012602,0.0018330984828157375,0.001042148429069158,0.3298180432541029,0.025950015635045887,0.0794735706665683,1,0
BILDER_UND_GESCHICHTEN_AUS_SCHWABEN_Q15788617,74.68669795953456,0.0027712661707148386,0.0016711374217617857,0.3664148235700524,0.056023690300212654,0.0205467828522686,4,3
BLUMEN_noWikiID,28.329634064360707,0.000500511830382068,0.0003360774519779237,0.23737266399001483,0.00045559397855090986,0.0851189742374057,5,2
BOZENA_noWikiID,83.53672178291067,0.003272474744283877,0.000739987050226621,0.39645818366153573,0.08171615429278349,0.0645339993923284,2,4
BRIEFE_EINES_NARREN_UND_EINER_NAERRIN_noWikiID,79.27381193746889,0.0026407638449967366,0.0005303240526624117,0.3735182469611819,0.06095840398350887,0.0645339993923284,4,3
BRIGITTA_(STIFTER)_Q539511,32.657489034669254,0.0005773545124574547,0.007362871149754879,0.31950965570460793,0.002046373324044306,0.289764790109877,3,1
BUDDENBROOKS_Q326909,63.32154477964146,0.00188972295014563,0.0028458668639965465,0.37382493895383195,0.04057563069728904,0.144732511897424,4,3
BULEMANNS_HAUS_Q1003556,68.7710828546083,0.002572611196798304,0.0022723769000709154,0.40462713582460447,0.06251909203616253,0.0560723413501725,4,3
BUNTE_STEINE_Q1009887,18.753073187824004,0.0004008931883921422,0.025270557765239107,0.2825827357897979,0.00037856318966174063,0.628138424466113,3,1
CABANIS_noWikiID,79.62594604502218,0.0029576306128763466,0.0008664015046403354,0.38999606956568905,0.05065615539923488,0.0255818179471078,2,4
CARSTEN_CURATOR_Q1045516,40.8603853314425,0.0011850234925599571,0.0012795609410168655,0.3609896764158762,0.01983802346388154,0.0601640846066759,0,1
CHRISTA_RUHLAND_noWikiID,32.17742117861727,0.0009444050428088483,0.00473283384207443,0.3244849897703868,0.013138066050631926,0.0205467828522686,2,4
CLEMENTINE_noWikiID,70.54761190078555,0.0018955224787447337,0.0022785434588228036,0.39890857932121176,0.028006328537006624,0.0205467828522686,3,1
CÉCILE_noWikiID,70.7882535137686,0.0027761633733344704,0.0004378256713840841,0.3918101540991536,0.06675434648983448,0.305392408053958,2,4
DAPHNIS_noWikiID,20.32937740559025,0.0004158012478606079,0.004162427157524743,0.2258384750233689,0.00020439334412536544,0.0237824899093644,5,2
DAS_ALTE_HAUS_noWikiID,72.71622097281164,0.0032000919493224,0.003376190916658958,0.429024188960518,0.07723434177790965,0.0205467828522686,3,0
DAS_AMULETT_Q1167148,76.54427560009705,0.0030244196999517875,0.0010020657971818827,0.40168841841701414,0.07615647310596503,0.518885031764307,4,3
DAS_BLUETHENALTER_DER_EMPFINDUNG_noWikiID,46.45957959757572,0.0012261031919028474,0.00365985261924583,0.33617677538785135,0.022590614251206446,0.0237824899093644,4,3
DAS_BUCH_LE_GRAND_noWikiID,24.571884964901674,0.0004934455237980498,0.009903493355532944,0.2771359367904406,0.001210728649231581,0.274620702296579,1,0
DAS_DUELL_noWikiID,66.78656938035809,0.002556702093330346,0.00034224401072981223,0.36817319983505714,0.051598635461738686,0.0560723413501725,2,4
DAS_ERDBEBEN_IN_CHILI_Q1167748,56.312395909107956,0.0012753158642419666,0.0037338513242684917,0.3379210368908933,0.013895078397516056,0.305392408053958,1,0
DAS_ERDBEERIMAREILI_noWikiID,37.59410379269021,0.0006510378611503144,0.01076989486017328,0.3349727481318584,0.002686855949258953,0.0560723413501725,3,1
DAS_FRAEULEIN_VON_SCUDERI_Q358642,78.76150340594754,0.003758987611233736,0.0010267320321894367,0.42524091579671014,0.09344451376359376,0.354934606197489,3,0
DAS_GEHEIMNISS_DES_KOSMOPOLITEN-ORDENS_noWikiID,10.824916913447279,0.0003323186124512638,0.0009311503715351648,0.21452135043111978,0.00011601920325300644,0.0601640846066759,1,0
DAS_GEHEIMNIS_DER_ALTEN_MAMSELL_noWikiID,50.32968948002269,0.0014087894198389953,0.0018838836987019392,0.33600789212652343,0.0240647935384726,0.0221068485323305,4,3
DAS_GEMEINDEKIND_Q1168304,87.6530916686463,0.0031361225846001555,0.0008756513427681682,0.387415345495268,0.04619744482046227,0.289764790109877,5,2
DAS_GESPENST_noWikiID,70.71650431058517,0.00256833180445303,0.0006505719483242377,0.35674671706457284,0.04190301577538746,0.0237824899093644,2,4
DAS_GLUECK_Q3209153,79.48369024438834,0.0021485069143205066,0.0008109024758733388,0.33493855750585216,0.030149331964048166,0.0560723413501725,1,0
DAS_GOLDMACHERDORF_Q114357971,84.69785810522752,0.0031908602946531407,0.0006659883452039589,0.4045793799773582,0.05630134503823662,0.0221068485323305,0,1
DAS_HEIMWEH_Q1168923,76.67552919218994,0.0023522098665218344,0.0015539728054759041,0.4098593951960447,0.040397058398514554,0.0205467828522686,0,1
DAS_HEXAMERON_VON_ROSENHAIN_noWikiID,55.46499831063059,0.0010131469176003225,0.000376160083865199,0.2819039883486485,0.0063783066014821265,0.0560723413501725,1,0
DAS_HOELZERNE_BEIN_noWikiID,2.6286481002759223,0.00027806164954903155,0.0007492368883544537,0.0055544048631214794,-5.22562922534383e-18,0.0221068485323305,5,2
DAS_JUDENGRAB_Q18411268,66.30424176955664,0.0013488985849681606,0.007594117102950698,0.3175198743931918,0.012253590049014816,0.0560723413501725,1,0
DAS_JUNGE_EUROPA_noWikiID,96.70150015884721,0.004374860316175836,0.0009434834890389418,0.4207027650098356,0.10472423545673182,0.0601640846066759,3,3
DAS_KAJUETENBUCH_noWikiID,19.553632618220856,0.0005564391630382738,0.005728733080504424,0.3364559660240914,0.006162696616865184,0.0205467828522686,2,4
DAS_KLOSTER_BEI_SENDOMIR_Q1169335,74.76242235181819,0.0027161093243732366,0.0004224092745043628,0.38619440315998604,0.06701026915100432,0.0560723413501725,2,4
DAS_KREUZ_IM_VENN_noWikiID,62.24162414501612,0.0015658281495417804,0.0001541639687972127,0.29419363733559356,0.012169846874412341,0.0560723413501725,5,2
DAS_LEBEN_DER_HOCHGRAEFIN_GRITTA_VON_RATTENZUHAUSBEIUNS_noWikiID,78.59260909612372,0.002510168337953666,0.0016002219961150678,0.36970839217735946,0.03247437011968473,0.0560723413501725,5,2
DAS_LEBEN_UND_DIE_MEINUNGEN_DES_HERRN_MAGISTER_SEBALDUS_NOTHANKER_Q1810894,29.733805193724546,0.0007119882232629316,0.0037338513242684917,0.32810522788759383,0.006000286255922224,0.0221068485323305,1,0
DAS_LEIDEN_EINES_KNABEN_Q1169610,72.2650299149693,0.002565629234430549,0.0005241574939105232,0.37666828557177645,0.06271989438227116,0.0741722353260478,4,3
DAS_MAEDCHEN_VON_TREPPI_Q28071194,56.63030674837008,0.0010427644579006621,0.004288841611938457,0.2917662245792134,0.004811779954792606,0.0560723413501725,5,2
DAS_MAERCHEN_DER_672._NACHT_Q1169916,38.69356542642027,0.0008237045363392551,0.003675269016125551,0.34645243657545954,0.007168034324010197,0.0560723413501725,3,0
DAS_MARMORBILD_Q1169722,64.5066031577407,0.0019744306803751786,0.0013658927635433046,0.3619911462327132,0.04117003086517643,0.628138424466113,4,3
DAS_NATURFORSCHERSCHIFF_noWikiID,32.2809970186789,0.0007715456299925486,0.006872629728979743,0.29885201186394034,0.008798062338757457,0.0205467828522686,4,3
DAS_NUSS-KERNEN_noWikiID,19.272396792527875,0.0005824046827785476,0.005108993925939629,0.25099826585529234,0.002363409211935347,0.0275134422375932,5,2
DAS_ODFELD_Q1169997,98.69789858060443,0.0044343192840713645,0.0008725680633922239,0.4223781670015985,0.11199566056963117,0.33800545810469,4,3
DAS_RECHT_DER_MUTTER_noWikiID,53.52724918144596,0.0010216048017556824,0.0021798785187925876,0.28993483010392296,0.005011029509861305,0.0237824899093644,5,2
DAS_SANCTUS_Q1170225,75.0079152383193,0.0014828316091108316,0.0014244750716862454,0.312982192536533,0.013492981703025332,0.0560723413501725,1,0
DAS_SCHAEDLICHE_noWikiID,82.0160160781964,0.0026312916688599735,0.00037307680448925474,0.34185457462363433,0.03541326524553876,0.0560723413501725,5,2
DAS_SCHATZHAUS_DES_KOENIGS_noWikiID,90.70908883952791,0.0035478279570430845,0.0004378256713840841,0.4049288457011374,0.08294833627287548,0.0205467828522686,2,4
DAS_SCHLOSS_DUERANDE_Q1170280,52.77612567671498,0.001457805741701719,0.005244658218481176,0.39440794604873913,0.023343580668046718,0.289764790109877,0,1
DAS_SCHWEIGEN_IM_WALDE_noWikiID,55.519008800393735,0.001361282854526464,0.000946566768414886,0.28683459761611474,0.010177220833591278,0.0221068485323305,5,2
DAS_STEINERNE_HERZ_noWikiID,54.48511240521175,0.001641672920107843,0.0014275583510621897,0.3428348957463448,0.023127104739096772,0.0601640846066759,1,0
DAS_STUTTGARTER_HUTZELMAENNLEIN_Q13142535,18.42423792557197,0.00045918256654502897,0.011312552030339469,0.3166927513974959,0.0023040039717777926,0.259978377605495,0,1
DAS_URTEIL_(KAFKA)_Q278998,51.5509330000009,0.0014542773175110894,0.005361822834767058,0.3747441803445863,0.01724099147114778,0.104292668680321,3,1
DAS_VERLASSENE_HAUS_noWikiID,96.26945992219338,0.002378685403471932,0.00031757777572225817,0.3206902550113099,0.022250905775591308,0.0205467828522686,5,2
DAS_VERLORENE_LACHEN_Q1171678,49.27186966821897,0.0009204800160566764,0.0013504763666635834,0.2760792903135918,0.005585729946987898,0.444348419807107,1,0
DAS_VERMAECHTNIS_DES_INKA_noWikiID,93.60436856288614,0.0032945240346966558,0.0004532420682638054,0.36417221507949593,0.049360788409487044,0.0560723413501725,5,2
DAS_WALDROESCHEN_noWikiID,43.72160267189421,0.0007208099021708649,0.0041932599512841855,0.2684027818031855,0.0017767485578976238,0.0601640846066759,5,2
DAS_WEIBERDORF_noWikiID,50.54509088512966,0.001153338439743193,0.002417291030740295,0.2765115343435309,0.007437099256371949,0.0560723413501725,5,2
DAS_ZAUBERSCHLOSS_noWikiID,92.72516894026866,0.0043133746228132385,0.0008324854315049486,0.4239163732960105,0.10697387775624324,0.0560723413501725,3,3
DEN_STEIN_DER_WEISEN_noWikiID,77.50757020040885,0.0019600033421067857,0.0020164647118675423,0.3349220328419652,0.023983161261490946,0.0560723413501725,1,0
DER_ALTE_VOM_BERGE_noWikiID,68.52185869540337,0.0018708484210083432,0.002617704190176672,0.3979988504207264,0.0309504348692038,0.0560723413501725,3,1
DER_AMERIKAMUEDE_noWikiID,29.10623890682993,0.0006991378390029402,0.004156260598772854,0.29914767790096264,0.008565014327923963,0.0205467828522686,4,3
DER_AMTMANN_VON_HOHENWEILER_noWikiID,69.45495485841508,0.001637153530845618,0.0010390651496932136,0.33641370417547783,0.018546345454588564,0.0205467828522686,1,0
DER_APOSTEL_(HAUPTMANN)_Q28131950,61.04948165263925,0.001721762281662465,0.0021151296518977583,0.31367814802610294,0.01925670638084128,0.0560723413501725,5,2
DER_ARME_SPIELMANN_Q1198306,90.67887519183081,0.0035090298385645363,0.0011562297659790954,0.41284251313375436,0.0649801646410783,0.321481356814517,0,1
DER_AUFRUHR_IN_DEN_CEVENNEN_Q1192283,78.68733289541854,0.0029578198830330247,0.001748219406160392,0.41679174354898196,0.0628470277639959,0.0851189742374057,3,0
DER_BAUERNSPIEGEL_noWikiID,47.54419425400847,0.0011347539190544758,0.002864366540252212,0.36635389753494163,0.011754318643408085,0.0645339993923284,3,1
DER_BESUCH_noWikiID,29.596797300029703,0.0005065558491406587,0.00628372336817439,0.2757854690443087,0.0006090327833207071,0.0601640846066759,3,1
DER_BLONDE_ECKBERT_Q1198407,51.56524552269535,0.0010266934087261258,0.005374155952270835,0.36022927723750753,0.009689136446793567,0.372234887656701,3,1
DER_BUETTNERBAUER_noWikiID,36.579983002435405,0.0011978722284364386,0.00858076650325286,0.33748965911083484,0.020352309885263657,0.0221068485323305,2,4
DER_CONDOR_Q19156156,62.539497105390055,0.0014496349722939892,0.003502605371072673,0.35605070044143156,0.017185616063152033,0.0560723413501725,1,0
DER_DRAEUMLING_Q1193032,85.76137103345734,0.003937517001617467,0.000752320167730398,0.41321267983268306,0.10394104279127553,0.0560723413501725,4,3
DER_EINSAME_noWikiID,36.115400062154556,0.000638276718586375,0.004862331575864089,0.29604084442361933,0.0016515768525014799,0.0601640846066759,5,2
DER_FALSCHE_WOLDEMAR_noWikiID,40.932696373402486,0.0006840946248367705,0.0005149076557826904,0.25639675681895413,0.001387625755223903,0.0205467828522686,5,2
DER_FAUST_DER_MORGENLAENDER_noWikiID,63.742475787825036,0.0023000752779886524,0.0011716461628588166,0.3986959229818317,0.037496485723140835,0.0560723413501725,3,1
DER_FINDLING_noWikiID,14.681208050920214,0.0003614355883060164,0.007039126815280732,0.24715555313581453,0.00020888984650529744,0.0560723413501725,1,0
DER_FREIHOF_VON_AARAU_noWikiID,79.21619901514823,0.002784083490781399,0.0010452317084451023,0.3845351082904591,0.06835258299072926,0.0205467828522686,4,4
DER_FROMME_SPRUCH_noWikiID,12.30727786013933,0.0003476592199069635,0.023303425523386673,0.24727452650838436,0.0001188139069685627,0.0601640846066759,5,2
DER_GEHUELFE_Q1193785,71.73532710720197,0.002908023869833559,0.0018376345080627755,0.4173990014568299,0.06830587139456364,0.0741722353260478,2,4
DER_GEISTERSEHER_Q1193812,85.75199575792155,0.0037326506489108397,0.0011747294422347608,0.43008590085900295,0.0911044960652582,0.162696328389987,2,4
DER_GENIUS_noWikiID,91.73785489359412,0.0044173799395290664,0.0018653840224462737,0.44981457510436507,0.116640455344895,0.0221068485323305,3,4
DER_GOLDNE_SPIEGEL_noWikiID,34.39131353509442,0.0005933084143681716,0.0005395738907902445,0.25891336578020596,0.00172198497878847,0.0975111340573339,1,0
DER_GOLDNE_TOPF_Q785009,58.279275208192445,0.0011366200415987224,0.009262171245336539,0.3194667517935864,0.00939671606742013,0.321481356814517,1,0
DER_GOTTSUCHER_Q55978264,92.62021511716866,0.0023078429547198328,0.0002836617025868714,0.32947668469744257,0.021195809554499165,0.0560723413501725,5,2
DER_GRUENE_HEINRICH_Q1198871,41.40101966731598,0.0007385101381547449,0.0017667190824160576,0.26187539455475367,0.003223512707830286,0.988875593155002,1,0
DER_HEILIGE_Q1194176,46.606506336593455,0.0014918915887214513,0.00471125088644282,0.3755739806123332,0.028359537608831566,0.144732511897424,4,3
DER_HEIZER_noWikiID,66.61030987385982,0.0020637922472074408,0.0022261277094317517,0.40183943585372817,0.03770373397816655,0.0601640846066759,3,0
DER_HERR_ETATSRAT_Q15805136,11.88835817030368,0.00040981502455312744,0.010973391298985601,0.2844925086097263,0.0023789053679535337,0.0601640846066759,4,3
DER_HEXENMEISTER_noWikiID,90.6608245107901,0.0035318129120627587,0.0006289889926926279,0.40509118124259463,0.07439468418496893,0.0205467828522686,3,0
DER_HEXENSABBAT_noWikiID,84.70379871119462,0.0036064897201102497,0.0020596306231307616,0.4427171890931206,0.08473137591176204,0.0560723413501725,3,0
DER_HOCHWALD_Q1194364,27.621409297056772,0.0005381422034375496,0.0019023833749576048,0.27624557817243933,0.001631185376248225,0.259978377605495,1,0
DER_HUNGERPASTOR_Q1194487,84.77904864236636,0.0041503956833481605,0.0006783214627077359,0.4271760942133391,0.10486124628488085,0.235356216581709,3,3
DER_IM_IRR-GARTEN_DER_LIEBE_HERUM_TAUMELNDE_CAVALIER_noWikiID,33.37661402563644,0.0006231450958586922,0.00040082631887275303,0.254105035847512,0.0022390487018405176,0.0221068485323305,1,0
DER_JUNGE_TISCHLERMEISTER_Q1198964,92.6102693069492,0.003465301065513147,0.001273394382264977,0.3957757422411457,0.07157489616310744,0.0560723413501725,3,0
DER_JUNKER_VON_DENOW_Q1194662,43.717953460815565,0.0013958323084111907,0.008947676748990226,0.36621249718033366,0.024940493721893282,0.0560723413501725,2,4
DER_KLEINE_HAEWELMANN_Q1199225,1.7455069863185662,0.0002728175591946645,0.0006074060370610181,0.004309130358815621,-4.947445962995623e-18,0.0560723413501725,5,2
DER_KOENIG_DER_BERNINA_noWikiID,72.72323598731748,0.0026478142213598784,0.0015755557611075138,0.3983149047824345,0.04158406793026547,0.0205467828522686,0,1
DER_LANDPREDIGER_Q1195163,76.24365821907455,0.0015324454063465449,0.0009773995621743285,0.30886127450817674,0.014198354875582091,0.0560723413501725,1,0
DER_LANDVOGT_VON_GREIFENSEE_Q1195171,43.2949441853929,0.0008223820428151975,0.0020935466962661484,0.2753684231560078,0.005021571518430075,0.305392408053958,1,0
DER_MAGNETISEUR_(E._T._A._HOFFMANN)_Q15456531,80.21248255266093,0.0016455725948406378,0.0015262232910924058,0.3160865124905744,0.016085858583723044,0.0601640846066759,1,0
DER_MAJOR_noWikiID,69.46498466350998,0.0023986412090294426,0.0007461536089785095,0.3746588760776973,0.057107877854344145,0.0221068485323305,2,4
DER_NACHSOMMER_Q167320,29.646182832786188,0.0005616521122214064,0.013288934110319735,0.3368191037658425,0.0025177216854088387,0.768032201522249,3,0
DER_POJAZ_Q1196233,86.1579015256129,0.001992197686351445,0.0005179909351586347,0.3050775691181565,0.01648262621959493,0.0560723413501725,5,2
DER_POSTEN_DER_FRAU_noWikiID,29.513563661305874,0.0008451798383427135,0.009548916227299356,0.35077548249765494,0.013816534756687133,0.0221068485323305,2,4
DER_PRINZ_VON_THEBEN_noWikiID,70.41955716910584,0.002246821436380638,0.0005950729195572411,0.36972171903429785,0.052435930280555786,0.0560723413501725,4,3
DER_PSYCHOLOGE_noWikiID,4.214832848968124,0.0002868697944592336,0.0018993000955816605,0.0073290344802727165,-8.56775622404488e-18,0.0560723413501725,4,3
DER_RABBI_VON_BACHERACH_noWikiID,49.160912579627144,0.0008135137351638213,0.0039342644837048685,0.28212112751376855,0.0038224940817203137,0.259978377605495,1,0
DER_RANGIERBAHNHOF_noWikiID,40.8854565601257,0.0007006311499026161,0.0006567385070761261,0.25827598628830417,0.0017216836693561147,0.0255818179471078,5,2
DER_RAUBGRAF_noWikiID,76.76447429346318,0.003392507318291449,0.0024203743101162394,0.4389556910679908,0.08489170774422146,0.0205467828522686,2,4
DER_REBELL_noWikiID,95.70731958492132,0.0037455339041147467,0.0005241574939105232,0.41051459259994083,0.09719704010808204,0.0560723413501725,4,4
DER_REDLICHE_MANN_AM_HOFE_noWikiID,15.861180770663902,0.0005966196480981268,0.0022631270619430824,0.3246745348096166,0.007557579658334753,0.0255818179471078,4,3
DER_ROLAND_VON_BERLIN_noWikiID,56.92389888170286,0.000991845528261519,0.001516973452964573,0.28416037637330166,0.003932322874199849,0.0205467828522686,5,2
DER_RUNENBERG_Q1196568,64.64548252260502,0.0019630599569834413,0.00196404896247649,0.3788321340337419,0.03340512678588312,0.481513882543301,3,0
DER_SADDUZAEER_VON_AMSTERDAM_noWikiID,90.75197944119338,0.0043116574514463725,0.00032066105509820245,0.42115994834866,0.11048032330711073,0.0645339993923284,3,3
DER_SANDMANN_(HOFFMANN)_Q798227,95.67790545462115,0.004079242485087168,0.0011068972959639872,0.41708629147628246,0.10022896476294453,0.848215508034503,4,3
DER_SATYR_MOPSUS_noWikiID,98.08206848889142,0.0024135795109460722,0.0001264144544137144,0.32047519948980085,0.022700916044651114,0.0221068485323305,5,2
DER_SCHATZ_IM_SILBERSEE_Q249905,70.60659705283294,0.002058447620558849,0.0005673234051737428,0.32428449493624817,0.021693610162153924,0.0560723413501725,5,2
DER_SCHATZ_noWikiID,23.436929279429197,0.0005849833346546141,0.008771929824561403,0.33850077593189726,0.005304438069885304,0.0560723413501725,0,1
DER_SCHIMMELREITER_Q895730,40.70649132708904,0.0010643088033726882,0.003949680880584589,0.32104319529473324,0.008772877690337714,0.827943039612669,5,2
DER_SCHMIED_SEINES_GLUECKS_noWikiID,64.4083476009582,0.0017360571381833585,0.0023957080751086856,0.3306283481842811,0.025746087891775994,0.274620702296579,4,3
DER_SCHUEDDERUMP_Q1196819,97.65248539673411,0.0039706697110130215,0.0008170690346252273,0.41309131849361036,0.08744983516602779,0.119112826840361,3,0
DER_SCHUSS_VON_DER_KANZEL_Q1196769,49.29830274475205,0.0014178564661345649,0.0035272716060802266,0.3435334090366981,0.02870646422983577,0.0794735706665683,4,3
DER_SCHWEIZER_ROBINSON_ODER_DER_SCHWEIZER-PREDIGER_UND_SEINE_FAMILIE_noWikiID,67.30989854002499,0.0017051243766502376,0.004994912589029692,0.3215643830002578,0.022833309302459002,0.0237824899093644,1,0
DER_SELBSTMOERDER_noWikiID,66.7108685217955,0.0024602290340722164,0.0011223136928437084,0.3579888748697247,0.046710870084440054,0.0205467828522686,2,4
DER_SONNENWIRT_noWikiID,69.56034729476323,0.0018928247698610859,0.0024203743101162394,0.4051428540171274,0.03017201118964116,0.0205467828522686,3,1
DER_STECHLIN_(ROMAN)_Q1197130,82.20959964857794,0.002645204472868204,0.0014121419541824685,0.35109339658622285,0.037228797142452696,0.904141522122553,5,2
DER_STERNSTEINHOF_noWikiID,43.57462580411161,0.0009269182471372768,0.0036321031048623313,0.33058235313040496,0.006196353771136128,0.0601640846066759,5,1
DER_TOD_ABELS_noWikiID,84.03012574504,0.0019466651936716883,0.0016588043042580088,0.30848886618963006,0.016256311187115766,0.0255818179471078,5,2
DER_TOD_GEORGS_noWikiID,49.80702633423286,0.0019458520963093013,0.005281657570992507,0.4263924835174402,0.03852922972321254,0.0911257006455229,3,1
DER_TOLLE_INVALIDE_AUF_DEM_FORT_RATONNEAU_Q1199666,38.645636222665786,0.0008190740840514908,0.003496438812320784,0.3053989777110436,0.005675839007735634,0.0645339993923284,1,0
DER_TORSO_noWikiID,93.53352833509817,0.0030332566618531996,0.0002774951438349829,0.34874375078768893,0.04045709462877704,0.0601640846066759,5,2
DER_TROTZKOPF_Q1197625,68.48707679890316,0.0016898528244301586,0.001467640982949465,0.30385116507053817,0.014205663729450547,0.0255818179471078,5,2
DER_UEBERGANG_noWikiID,69.42508660037363,0.00166010308207947,0.0004039095982486973,0.29547962049063536,0.012899521110784086,0.0221068485323305,5,2
DER_UNTERTAN_Q476349,47.783985715636874,0.001592541043494068,0.007464619369161039,0.3382942902167064,0.033796450246924806,0.0318106268524673,2,4
DER_VERBRECHER_AUS_VERLORENER_EHRE_Q1197800,73.7764076625391,0.0029398052046988687,0.0004532420682638054,0.392418239501582,0.07261894128598317,0.125932681512614,2,4
DER_WALDBRUDER_Q1197891,7.807352446641854,0.00031268497927246415,0.005642401257977985,0.23818742559943304,4.503188357368194e-05,0.0601640846066759,3,2
DER_WALDBRUNNEN_noWikiID,7.807754887040804,0.00031269038129230927,0.009638331329201739,0.23820883838631848,4.503557819571041e-05,0.0560723413501725,3,2
DER_WASSERMENSCH_noWikiID,59.685979290663965,0.0019069802011991918,0.0012703111028890327,0.3620414857560541,0.042150770044697305,0.0560723413501725,4,3
DER_WEG_INS_FREIE_Q700479,69.67000817019888,0.00252445301906321,0.001128480251595597,0.37606409237377914,0.0434013333418927,0.0560723413501725,2,4
DER_WEHRWOLF_noWikiID,24.176630777389853,0.0004598068197065642,0.007902445040545124,0.2523711525236334,0.00037328682272344256,0.0205467828522686,5,2
DER_WINTERGARTEN_noWikiID,52.59607144635748,0.0013485213087489653,0.007566367588567199,0.3701562267971717,0.019113166029466843,0.0851189742374057,3,1
DER_ZAUBERRING_noWikiID,57.36877693802342,0.0019604130980891287,0.0017513026855363364,0.35601138548528766,0.034034468794865096,0.0601640846066759,4,3
DER_ZWEIKAMPF_noWikiID,13.773123089978334,0.00035492614858250983,0.0013443098079116947,0.21914173112161667,0.0001730266922569779,0.0560723413501725,1,0
DES_DEUTSCHEN_SPIESSERS_WUNDERHORN_noWikiID,2.5327870394221876,0.00027678726543431165,0.0015909721579872352,0.005348540949986451,-1.1266356200265305e-17,0.0560723413501725,4,3
DES_LEBENS_UEBERFLUSS_Q1200453,77.79022735631659,0.00382746123099453,0.0009003175777757222,0.42054721699556774,0.0994383890438398,0.0601640846066759,3,3
DES_REICHES_KRONE_Q1200467,64.6023124583025,0.0017790129225343566,0.0031603613603428606,0.36465466559919113,0.026346677396423452,0.0560723413501725,1,0
DES_VETTERS_ECKFENSTER_Q979343,43.42285449944176,0.00099783409213606,0.0031110288903277526,0.3066777837027085,0.010889000208921676,0.274620702296579,4,3
DEUTSCHER_ADEL_(WILHELM_RAABE)_Q1204575,50.60514342583349,0.0015672968575409854,0.004020596306231307,0.379893106362783,0.032487757991862,0.0560723413501725,0,3
DEUTSCHE_PIONIERE_noWikiID,77.57720172110531,0.0022927174545592436,0.00266703666019178,0.41553783703744435,0.03758469754603346,0.0205467828522686,3,1
DE_PROFUNDIS_noWikiID,23.10685465558072,0.00045309934630876123,0.0018129682730552215,0.22773768476462328,0.00033756573619773045,0.0205467828522686,5,2
DICHTERLEBEN_noWikiID,71.60031424324727,0.002036669710884023,0.003000030832793759,0.3813274806340131,0.033239232729197044,0.0560723413501725,3,0
DICHTER_UND_IHRE_GESELLEN_Q1209499,73.3083728405648,0.002779273534473822,0.0013813091604230258,0.3687920025066313,0.05340422590240217,0.0975111340573339,1,0
DIES_BUCH_GEHOERT_DEM_KOENIG_noWikiID,63.75785382181848,0.0027283955894522737,0.003995930071223753,0.44166553093491917,0.0667584590394067,0.0741722353260478,3,4
DIE_ABDERITEN_Q1210777,94.28284514798963,0.002455106625963839,0.0006228224339407393,0.3389978254640501,0.034784760997124686,0.0741722353260478,1,0
DIE_ABENTEUER_DER_SYLVESTERNACHT_noWikiID,80.7412229127421,0.0037006237118700166,0.0020442142262510404,0.44345145627928473,0.09022858299396413,0.259978377605495,3,0
DIE_ABENTHEUER_DES_DON_SYLVIO_VON_ROSALVA_noWikiID,44.412187094536456,0.0008393710044175203,0.006151142355008787,0.29644297041404594,0.005179127990393903,0.305392408053958,1,0
DIE_AHNEN_Q42185371,66.54955790925358,0.0017483996825996889,0.0027687848795979403,0.40101745164236113,0.027022372309292175,0.0645339993923284,3,1
DIE_AKTEN_DES_VOGELSANGS_Q1210969,59.72428496898591,0.0020104199175052136,0.002885949495883822,0.39053290272466057,0.038190851622765594,0.462879594039226,3,0
DIE_ANARCHISTEN_noWikiID,57.45614289700415,0.0017682648547724831,0.004313507846946012,0.37044829376009925,0.03905470948218852,0.0221068485323305,4,4
DIE_BARONIN_noWikiID,32.62272732327926,0.0008059666735616696,0.022378441710603398,0.3744810993910781,0.008728927592545663,0.0205467828522686,3,1
DIE_BEICHTE_noWikiID,67.33446923950089,0.0015071354741617686,0.0011747294422347608,0.306265631341315,0.015153351767520988,0.0221068485323305,1,0
DIE_BRAUTNACHT_noWikiID,56.58010471202886,0.0016497183434745427,0.002716369130206888,0.39690578068077614,0.03133789008512314,0.0601640846066759,0,1
DIE_CHINESISCHE_MAUER_noWikiID,29.29290939672089,0.0006394621306531172,0.0127709431751611,0.31186991206559755,0.006191585147163448,0.0205467828522686,4,3
DIE_CHRONIK_DER_SPERLINGSGASSE_Q1211874,85.54471055006846,0.0038046737139971,0.001227145191625813,0.42302582345222756,0.09877126392417838,0.425970768854918,2,4
DIE_DREI_GERECHTEN_KAMMMACHER_Q1218123,50.49335925477167,0.0008956923335183204,0.0010883976197083216,0.28209631311350375,0.004798755266820177,0.259978377605495,1,0
DIE_DREI_NUESSE_noWikiID,75.69893947064149,0.002720176381872771,0.002401874633860574,0.4277011483620382,0.05619268247663088,0.0560723413501725,3,1
DIE_ELFEN_(LUDWIG_TIECK)_Q1169906,64.51125179042936,0.0014473509331601685,0.003940431042456757,0.38296130778975834,0.018611227965002333,0.0645339993923284,3,1
DIE_ELIXIERE_DES_TEUFELS_Q600849,61.65362771466482,0.001634643089017698,0.0006197391545647951,0.351426269126815,0.022457796719828827,0.481513882543301,1,0
DIE_ENTFUEHRUNG_noWikiID,51.57947172986676,0.0017888932233831117,0.001954799124348657,0.36534943505795703,0.029860619021193992,0.0645339993923284,3,0
DIE_EPIGONEN_noWikiID,87.44924655819642,0.0029436229603517668,0.0005611568464218542,0.3833424250572425,0.06997809168727344,0.175635939901511,4,3
DIE_ERMORDUNG_EINER_BUTTERBLUME_Q1212233,61.096235877514964,0.0017921335097417115,0.0017019702155212284,0.319519080459004,0.021489844529291206,0.0560723413501725,5,2
DIE_EUROPAMUEDEN_noWikiID,53.0533044487164,0.0014523993372406291,0.002852033422748435,0.3352720673854431,0.028502662382460766,0.0221068485323305,4,3
DIE_FAMILIE_noWikiID,17.10061325254174,0.00037832117170144797,0.00944408472851725,0.25020667682781517,0.00041591015881018714,0.0645339993923284,1,0
DIE_FAMILIE_SELDORF_Q977237,71.25011590390918,0.0015689532861985927,0.001224061912249869,0.30794023455239955,0.015958612884358046,0.0237824899093644,1,0
DIE_FAMILIE_WOREL_Q1212318,35.40026472830835,0.0011002830328119629,0.008253938889402769,0.34546609283531093,0.02060300381653909,0.0560723413501725,4,4
DIE_FERMATE_noWikiID,99.40654709721814,0.003943906280655033,0.002367958560725187,0.40699032721050277,0.08972826672406996,0.259978377605495,4,3
DIE_FLUSSPIRATEN_DES_MISSISSIPPI_Q1212508,58.67666265105678,0.0018173349173631202,0.0034841056948170072,0.368916650802707,0.02896049264124705,0.0560723413501725,3,0
DIE_FRAU_PROFESSORIN_noWikiID,74.63618093017173,0.0022492590096385248,0.0030524465821848115,0.40777023369476256,0.0365466800983705,0.0221068485323305,0,1
DIE_FREIHERREN_VON_GEMPERLEIN_noWikiID,63.45586437167167,0.002067362169866385,0.0011469799278512626,0.36575289816106704,0.047926447406778844,0.0560723413501725,2,4
DIE_FREUNDE_(LUDWIG_TIECK)_Q1212755,91.72329005301935,0.004086156156689117,0.0024820398976351248,0.43902660573585706,0.10772622717779919,0.0560723413501725,2,4
DIE_GEIER-WALLY_(ROMAN)_Q1212872,36.03890400001018,0.0005922828340628809,0.005253908056609009,0.27395295504573125,0.0009225398651573767,0.0237824899093644,5,2
DIE_GEIGERIN_Q1212876,76.72962150699676,0.003104034671734684,0.0004563253476397496,0.4092864110464866,0.07847541552152863,0.0560723413501725,2,4
DIE_GESCHICHTE_DER_ANNA_WASER_noWikiID,83.68857778672526,0.003331457079969771,0.0022939598557025253,0.41517524388574994,0.07362500264182546,0.0205467828522686,3,0
DIE_GLUECKLICHE_REISE_noWikiID,63.6842524560509,0.001962028612122592,0.002451207103875682,0.38144648412375115,0.0346494129641006,0.0205467828522686,3,0
DIE_GLUECKSRITTER_noWikiID,43.61468357496261,0.00103246005991525,0.003724601486140659,0.30780393124673033,0.00911512202009194,0.0560723413501725,1,0
DIE_GOETTINNEN_ODER_DIE_DREI_ROMANE_DER_HERZOGIN_VON_ASSY_Q1213243,42.130180400655156,0.0011477721882491806,0.004967163074646193,0.3085062942207416,0.01231978425516278,0.0221068485323305,5,2
DIE_GOLDENE_SCHMIEDE_noWikiID,44.54529590426892,0.0013650833009165404,0.002361792001973299,0.339461215065372,0.02821818179199972,0.0205467828522686,4,4
DIE_GUENDERODE_noWikiID,18.75212117195235,0.0003985175221529012,0.007026793697776955,0.2809609258813387,0.00033469412730731076,0.0741722353260478,3,1
DIE_GUTE_SCHULE_noWikiID,27.649560138694195,0.0006541251843395328,0.0100884901180896,0.322617438490161,0.003350309766400427,0.0221068485323305,5,2
DIE_HANNA_noWikiID,36.22750910250566,0.0005934056763757035,0.0028119507908611597,0.2493142532615871,0.0008138061748259449,0.0205467828522686,5,2
DIE_HEILIGE_CAECILIE_ODER_DIE_GEWALT_DER_MUSIK_Q302229,5.891077812652767,0.0002943121549227771,0.0007985693583695618,0.19816201123912602,1.7689483244468587e-05,0.0560723413501725,1,0
DIE_HOCHZEIT_DES_MOENCHS_Q1213463,64.49643422457,0.0022305858849749408,0.0009619831652946073,0.36864935341619043,0.05294206820978998,0.135719851904178,2,4
DIE_HOSEN_DES_HERRN_VON_BREDOW_noWikiID,50.105461803912945,0.0008861653858552839,0.0014121419541824685,0.26906728799187524,0.0030122370932757197,0.0205467828522686,5,2
DIE_INNERSTE_Q1213605,59.742607757859076,0.0017435481170480016,0.004960996515894305,0.4002333550395241,0.029947888654602836,0.0691979459011065,0,1
DIE_INSEL_FELSENBURG_Q1664415,14.58819807199961,0.00036965683230121856,0.0019208830512132704,0.2195662237586989,0.00027423780387459665,0.0799133785582656,1,0
DIE_JUDENBUCHE_Q1213685,59.530237425478376,0.0021137996639710257,0.0021151296518977583,0.373023342415459,0.0361233765959502,0.481513882543301,0,1
DIE_JUDEN_VON_BARNOW_Q57166842,78.408152655478,0.0026308505505524687,0.002787284555853606,0.384529765379891,0.03994218738842322,0.0601640846066759,0,1
DIE_KAESEREI_IN_DER_VEHFREUDE_noWikiID,47.50346197205281,0.0008447986099057944,0.0026053710726728946,0.327189328981228,0.004090586897374525,0.0645339993923284,3,1
DIE_KINDER_VON_FINKENRODE_Q1213860,54.428367076785804,0.0018861669705352393,0.003965097277464311,0.3761829700319602,0.041868215686912756,0.0601640846066759,2,4
DIE_KLEINE_STADT_Q1218726,58.40412829893499,0.001166417950731248,0.0011901458391144822,0.2701387423834585,0.006370358242433627,0.0221068485323305,5,2
DIE_KLUGEN_JUNGFRAUEN_noWikiID,7.68770959095977,0.0003284456874113959,0.004137760922517189,0.27198709660061887,0.0008890963899168682,0.0205467828522686,2,4
DIE_KOENIGSBRAUT_noWikiID,87.05892823546495,0.0020572383493848386,0.0005734899639256313,0.3247171708103805,0.024770116855251628,0.0560723413501725,1,0
DIE_KRONENWAECHTER_Q1214104,34.63868705168066,0.0007499552180527092,0.0031572780809669162,0.30210184314341015,0.004968281514295501,0.111487571538697,1,0
DIE_LEHRLINGE_ZU_SAIS_Q1214361,31.167780729570353,0.0005964801950487904,0.01413991921808035,0.3060516751467413,0.002771547108282861,0.500199736105852,1,0
DIE_LEIDEN_DES_JUNGEN_WERTHERS_Q151883,73.24925654431497,0.001612008821034603,0.00518915918971418,0.33608943314692546,0.012398182634201883,0.999997205037213,5,2
DIE_LETZTE_RECKENBURGERIN_noWikiID,61.20600153813958,0.001630632413014939,0.002025714549995375,0.3459407130386194,0.03204563222089035,0.0205467828522686,4,3
DIE_LEUTE_AUS_DEM_WALDE_Q1214404,87.68330184810776,0.0032510590966021834,0.0008756513427681682,0.4011661090025019,0.08201354923193464,0.0645339993923284,4,3
DIE_LEUTE_VOM_BLAUEN_GUGUCKHAUS_noWikiID,69.64022960497692,0.002471467542865863,0.004150094040020966,0.3843894102882927,0.035572162460659786,0.0205467828522686,5,2
DIE_LEUTE_VON_SELDWYLA_Q936322,89.10342239969158,0.001994008489519162,0.0005395738907902445,0.3244489531810182,0.022698433576915904,0.897461864857794,1,0
DIE_LIEBENSWUERDIGE_ADALIE_noWikiID,0.9839772088515756,0.000266791312476725,0.00035766040760953346,0.1805717277067553,7.162217447768677e-07,0.0221068485323305,4,3
DIE_MAEDCHENFEINDE_noWikiID,53.48440920276086,0.0017245649426927872,0.0032004439922301356,0.37235589024824095,0.03837476474260751,0.0560723413501725,2,4
DIE_MAJORATSHERREN_Q1214690,90.62918439203006,0.003541247188601944,0.001017482194061604,0.3944158243447649,0.07527325321380239,0.0691979459011065,3,0
DIE_MANDANEN-WAISE_noWikiID,52.206473976763206,0.0009419689589364884,0.0030524465821848115,0.2812685196098169,0.005879217453837374,0.0205467828522686,1,0
DIE_MARZIPANLIESE_Q1214732,33.47841087676933,0.0005814971698364924,0.003980513674344032,0.24702504214196813,0.0015642220837426455,0.0221068485323305,1,0
DIE_MEHREREN_WEHMUELLER_noWikiID,83.53426099687682,0.0027389235526259297,0.0015323898498442942,0.3987792928512555,0.05263537494435689,0.0560723413501725,3,0
DIE_MOLKENKUR_noWikiID,58.611223242571604,0.0016355295192349234,0.0039712638362162,0.3283607655420403,0.02143940047673379,0.0221068485323305,1,0
DIE_NACHBARN_noWikiID,98.86614406859447,0.0021626796098231336,0.001711220053649061,0.3369865373615656,0.017752126059674585,0.0205467828522686,5,2
DIE_NAECHTE_TINO_VON_BAGDADS_noWikiID,94.45030604797753,0.0036185554502718258,0.0010544815465729348,0.40149221439388916,0.09177819759801424,0.0560723413501725,4,3
DIE_NARRENBURG_Q21328513,31.58601992727321,0.0005465303009673789,0.010143989146856595,0.3121497075676996,0.0017102981559072967,0.0601640846066759,3,0
DIE_NIHILISTEN_noWikiID,61.35429025838484,0.0016370197441055727,0.0026022877932969507,0.3487496034963383,0.03263124409956267,0.0851189742374057,4,3
DIE_PFRUENDER_noWikiID,90.5705673119822,0.002990421179434877,0.0004594086270156939,0.3505440026114331,0.040999756909696795,0.0741722353260478,5,2
DIE_POGGENPUHLS_Q1215465,94.48515371057206,0.0030752612344730652,0.0008941510190238337,0.3712750418382231,0.0413491868098772,0.305392408053958,5,2
DIE_RICHTERIN_(NOVELLE)_Q1215781,73.27457455707355,0.0016073137180489887,0.0012055622359942034,0.30203859255238114,0.011846242963207129,0.372234887656701,5,2
DIE_RITTER_VOM_GEISTE_noWikiID,73.76009624855936,0.002660374347575328,0.00031141121697036967,0.3784639602621735,0.06524600771511016,0.0975111340573339,4,4
DIE_ROSE_VON_DISENTIS_noWikiID,25.597232277313857,0.0007766614874179861,0.003083279375944254,0.31182981672847876,0.01233109670322864,0.0205467828522686,4,4
DIE_SCHRIFTEN_DES_WALDSCHULMEISTERS_Q56071834,85.3710202245824,0.002782412501272639,0.00034224401072981223,0.3458249143802398,0.03446223404832775,0.0560723413501725,5,2
DIE_SCHWARZE_GALEERE_noWikiID,90.62279620812618,0.003477282788265951,0.0015848055992353466,0.41165274068352076,0.07487591043013732,0.305392408053958,2,4
DIE_SCHWARZE_SPINNE_(NOVELLE)_Q502598,29.662201661302483,0.0005185844937926286,0.0073258717972435475,0.3051082363538952,0.0011433184104475836,0.321481356814517,3,1
DIE_SERAPIONSBRUEDER_Q321013,73.47013277354209,0.001850029021612457,0.001516973452964573,0.34384391611977533,0.023559478294040422,0.235356216581709,1,0
DIE_SOEHNE_DES_SENATORS_Q1216642,70.73620318771388,0.0024604120440282783,0.0017605525236641692,0.3828038659897097,0.05884341032060825,0.0601640846066759,4,3
DIE_STEINKLOPFER_Q1216451,62.797226966754266,0.002304343851273031,0.0008201523140011716,0.38080125122717146,0.040381752902507985,0.0560723413501725,0,1
DIE_TOTEN_SCHWEIGEN_Q1216835,11.571811767251676,0.00034703335945216363,0.0006043227576850738,0.20418776911118797,9.01939488129827e-05,0.0560723413501725,5,2
DIE_VERLOBUNG_IN_ST._DOMINGO_noWikiID,32.5476722411944,0.0006005970323772732,0.013600345327290105,0.30386661980562046,0.002295929389322753,0.274620702296579,1,0
DIE_VERLORENE_HANDSCHRIFT_noWikiID,66.78760097307902,0.002792031860786561,0.0026516202633120587,0.43865233471633713,0.06094699200918888,0.0601640846066759,2,1
DIE_VERSUCHUNG_DES_PESCARA_Q1217221,69.43955453029461,0.0025044417216308155,0.0006197391545647951,0.37918711275690264,0.05950718022153279,0.372234887656701,2,4
DIE_VERWANDLUNG_Q184222,87.55350485673793,0.002753176401023864,0.0005765732433015755,0.3750723811611372,0.04685523427048283,0.289764790109877,1,0
DIE_VERWIRRUNGEN_DES_ZOEGLINGS_TOERLESS_Q1112285,86.69360730210826,0.0031955200450646134,0.0005611568464218542,0.39726850628550425,0.07594762981056928,0.305392408053958,2,4
DIE_WAFFEN_NIEDER_Q212687,44.536768973900685,0.0012622944187558392,0.0020966299756420928,0.3379953559700041,0.024241707951142364,0.0205467828522686,4,3
DIE_WAHLVERWANDTSCHAFTEN_Q951198,56.69736363398908,0.0019574806701206132,0.002559121882033731,0.37573560854329424,0.04481075834029615,0.33800545810469,4,3
DIE_WASSERNOT_IM_EMMENTAL_noWikiID,62.54228739819404,0.0015763239980995077,0.003595103752351,0.3607650067269373,0.020940530653537723,0.0560723413501725,1,0
DIE_WEISE_VON_LIEBE_UND_TOD_DES_CORNETS_CHRISTOPH_RILKE_Q18209936,11.226655078240775,0.00034049362352297553,0.0010822310609564332,0.2044937391998644,7.132986566489984e-05,0.0560723413501725,5,2
DIE_WIEDERTAEUFER_noWikiID,55.601162107645784,0.001833712424357298,0.003629019825486387,0.3793938277179718,0.040749297224701594,0.0205467828522686,4,3
DIE_WISKOTTENS_noWikiID,31.87263099173943,0.0005809916436407944,0.004868498134615977,0.2531470517774389,0.001239350981083919,0.0560723413501725,5,2
DIE_ZAUBEREI_IM_HERBSTE_Q1217663,47.60612614490459,0.0015168304180909822,0.0044800049332470015,0.3796006710466631,0.030507764728599365,0.0645339993923284,4,3
DIE_ZWEITE_FRAU_noWikiID,57.29169101184738,0.0016162551024530535,0.0011253969722196527,0.3404653304194142,0.028565161190873573,0.0205467828522686,4,3
DIE_ZWOELF_APOSTEL_noWikiID,66.5776075297058,0.0026390889227989552,0.0013751426016711374,0.37490408509672657,0.055322540523157326,0.0205467828522686,3,3
DON_JUAN_VON_KOLOMEA_noWikiID,18.52004965629538,0.0004091760132266723,0.00020349643881232077,0.2150329717096172,0.00021129533583803104,0.0560723413501725,5,2
DORFGAENGE_noWikiID,30.652569349522036,0.0005336108370114533,0.005966145592452132,0.29800146043358433,0.0011362130646896775,0.0560723413501725,3,1
DRAUSSEN_IM_HEIDEDORF_Q84314019,29.59337719097912,0.0007059602981041594,0.006854130052724077,0.3298886941651684,0.005589056795925378,0.0691979459011065,0,1
DREI_FEDERN_Q1256990,83.39661100015282,0.0022069326556418576,0.0008170690346252273,0.331455152375389,0.030948191401551965,0.0560723413501725,1,0
DSCHINNISTAN_Q1262121,76.52178098866653,0.0020501055759521167,0.0011747294422347608,0.34264421672057555,0.02761630451732043,0.0645339993923284,1,0
EDUARD_ALLWILLS_PAPIEREN_noWikiID,71.71633426410519,0.0024193847941508355,0.0038479326611784294,0.4117770641573667,0.05272392997912745,0.0205467828522686,0,1
EEKENHOF_noWikiID,31.861576679874638,0.0007887214416580398,0.0034625227391853973,0.35374202929626647,0.009374086694750372,0.0691979459011065,0,1
EFFI_BRIEST_Q1296168,98.97646095861553,0.002310085435710151,0.0009835661209262171,0.3296618723053741,0.020448454617605805,0.848215508034503,5,2
EIGENSINN_UND_LAUNE_noWikiID,86.71812319145505,0.0037381623402201673,0.0018129682730552215,0.4356314477813308,0.08975957922078352,0.0601640846066759,3,1
EINE_AEGYPTISCHE_KOENIGSTOCHTER_noWikiID,66.52619349252363,0.002041161310474315,0.0015786390404834581,0.36714129758413033,0.045849289098485145,0.0205467828522686,4,3
EINE_AUSSCHWEIFUNG_noWikiID,74.68885336425372,0.002846523676629268,0.00363826966361422,0.40583908012477177,0.05918723481491859,0.0645339993923284,2,4
EINE_GESCHICHTE_AUS_DEM_BREGENZERWALDE_noWikiID,36.81144591716855,0.0008909594663475842,0.0024327074276200163,0.3562818738148933,0.010141991866656035,0.0560723413501725,0,1
EINE_MALERARBEIT_noWikiID,47.83800966753926,0.0014082872889102857,0.0020688804612585946,0.3730900965257449,0.025276599054543197,0.0601640846066759,0,1
EINE_STUNDE_HINTER_MITTERNACHT_Q1306645,65.77344183881668,0.0026747717503838525,0.0015323898498442942,0.4104314811442,0.06629660042566123,0.0560723413501725,2,4
EIN_ABSCHIED_Q1304285,32.32365807772048,0.0005622343770863571,0.0010051490765578268,0.24102600165402374,0.0007346917678442731,0.0560723413501725,5,2
EIN_BEKENNTNIS_noWikiID,52.66399286661921,0.0014751482705013365,0.0018838836987019392,0.3390720325768498,0.014439614968644808,0.0560723413501725,5,2
EIN_BRIEF_(HOFMANNSTHAL)_Q1304342,39.543564119077466,0.0006706016996438316,0.0036906854130052723,0.26996685030441797,0.0023487864587475363,0.144732511897424,1,0
EIN_DOPPELGAENGER_Q19188654,43.69671934028075,0.0011271029924340066,0.003453272901057565,0.3165281375287938,0.008829453005852085,0.321481356814517,5,2
EIN_FEST_AUF_HADERSLEVHUUS_noWikiID,27.539852902007055,0.0007126691188726478,0.00944408472851725,0.2952418901556451,0.003872048118854385,0.0645339993923284,5,2
EIN_GRUENES_BLATT_Q111150981,64.40313787178356,0.0019468224273427401,0.0008047359171214503,0.31744663853274374,0.01900077965676081,0.0560723413501725,5,2
EIN_KAMPF_UMS_RECHT_Q95606786,81.40937821560415,0.002832954242983986,0.0013350599697838621,0.3782129940131501,0.044095018291485794,0.0560723413501725,0,1
EIN_KAMPF_UM_ROM_Q636812,57.35312036290571,0.0018435355311390423,0.0010637313847007676,0.3381662106327343,0.025905139446024406,0.0367536016133564,2,2
EIN_WORT_noWikiID,67.49039575070933,0.0017013352436460105,0.0023802916782289644,0.36373780904752323,0.017928436240546186,0.0205467828522686,5,1
EKKEHARD_noWikiID,46.35646464249624,0.0013561566035058376,0.005349489717263281,0.37586115880604604,0.026360782700513313,0.0275134422375932,0,3
ELEAGABAL_KUPERUS_noWikiID,73.65677385923091,0.0027666336916425172,0.0038140165880430426,0.3916673235720793,0.04845694021887173,0.0205467828522686,2,4
ELISA_ODER_DAS_WEIB_WIE_ES_SEYN_SOLLTE_noWikiID,32.780307931869686,0.0011781006399723278,0.0025036228532667342,0.32397100169739795,0.015851047035186975,0.0205467828522686,2,4
ELLEN_VON_DER_WEIDEN_noWikiID,73.29298585126972,0.001520772174817728,0.0010544815465729348,0.29519372817947365,0.009933333598831718,0.0221068485323305,5,2
ELLERNKLIPP_Q1332021,36.19391847113297,0.0005884266291814708,0.0021243794900255913,0.25232578265260813,0.0007872322096913844,0.0645339993923284,5,2
ELSE_VON_DER_TANNE_Q1333755,61.63983362811891,0.0020094837575871417,0.002694786174575278,0.3858611621090975,0.036718162940012324,0.0645339993923284,3,0
"ELSI,_DIE_SELTSAME_MAGD_Q1333830",24.768581098743564,0.00046817467605734446,0.0037307680448925473,0.2926687829103577,0.0007232967999242088,0.305392408053958,3,1
ERINNERUNGEN_VON_LUDOLF_URSLEU_noWikiID,75.58407520761422,0.002162004439493085,0.0009650664446705516,0.3487599773904599,0.031206457473333137,0.0560723413501725,1,0
ESCH_ODER_DIE_ANARCHIE_noWikiID,71.6958963793862,0.0030001604866283327,0.0026917028951993337,0.4232667117085413,0.0689713815912338,0.0601640846066759,3,0
EVREMONT_noWikiID,63.302040206313436,0.0012089385614376395,0.0012178953534979803,0.3032151448889969,0.009347291825325937,0.0205467828522686,1,0
"FAUSTS_LEBEN,_THATEN_UND_HOELLENFAHRT_Q1368395",87.7165274975333,0.0036736354826965123,0.001893133536829772,0.4400190778413633,0.08515242391949357,0.274620702296579,3,1
FELICITAS_noWikiID,68.41438793336059,0.00254689166927679,0.0009373169302870532,0.36259385849468734,0.04663561988320314,0.0237824899093644,2,4
FLEGELJAHRE_Q1299976,74.72620203335669,0.0027036103258178826,0.00099281595905405,0.3681199328943452,0.0535033591196951,0.289764790109877,4,3
FLORENTINISCHE_NAECHTE_noWikiID,47.937047567473726,0.0009809978139613395,0.0053402398791354486,0.3173432007444266,0.008673091375616874,0.259978377605495,1,0
FLORENTIN_noWikiID,62.747274304002396,0.00238970468543268,0.0024697067801313474,0.4346184944281039,0.050659712753434435,0.291000461924749,3,1
FRAGMENT_EINES_ROMANS_noWikiID,64.56695831199127,0.0015554592701061062,0.0018808004193259951,0.3437955775776265,0.018140870522371344,0.0560723413501725,1,0
FRANZ_STERNBALDS_WANDERUNGEN_Q1449176,77.54893027597416,0.002315613318287235,0.002028797829371319,0.4140021928757241,0.042288054216110475,0.725697489186951,3,1
FRAU_BEATE_UND_IHR_SOHN_Q1451452,90.64857265966714,0.0032357980561753615,0.0007985693583695618,0.3991471125453923,0.05456596800346525,0.0741722353260478,0,1
FRAU_BERTHA_GARLAN_Q1451457,44.814895253994706,0.0007232856532548443,0.00028674498196281566,0.25508379956558197,0.0015892640021952257,0.259978377605495,5,2
FRAU_JENNY_TREIBEL_Q351933,67.77967449916862,0.0027470530294668102,0.0049363302808867505,0.4248710923321845,0.060970093834408774,0.481513882543301,2,4
FRAU_SORGE_noWikiID,86.63111978147123,0.0018800256926246478,0.00388493201368976,0.3363684405240181,0.01478219183458427,0.0205467828522686,5,2
FRAU_VON_SAVERNE_noWikiID,78.57225276520374,0.002302110074276262,0.0008725680633922239,0.3586795485781395,0.035849342532647856,0.0560723413501725,1,0
FREIGEBOREN_noWikiID,51.60277254272433,0.001555318659193847,0.007036043535904788,0.38402319305792776,0.030319560905794265,0.0205467828522686,0,1
FREIHEIT_DIE_ICH_MEINE_noWikiID,74.74387105437302,0.0027455375163937677,0.0014738075417013534,0.38328701790007297,0.06401841840709228,0.0221068485323305,2,4
FREUDEN_DES_JUNGEN_WERTHERS_Q1455757,80.57405003738248,0.002605747439642199,0.0016433879073782874,0.3587872677441068,0.0320098732196536,0.0221068485323305,5,2
FRIDOLIN_UND_SEIN_GLUECK_noWikiID,75.45464684380018,0.002702821761286605,0.0014892239385810746,0.3815420927903578,0.046272689779254784,0.0560723413501725,0,1
FRUEHLING_noWikiID,3.313825603256789,0.0002800847510622224,0.00924058828970493,0.19777326048204413,2.0217030393750223e-06,0.0741722353260478,2,2
GABRIELE_noWikiID,87.16729385222162,0.0021887361289379915,0.000496407979527025,0.33448958103844795,0.03041774591878339,0.0205467828522686,1,0
GEHEIME_GESCHICHTE_DES_PHILOSOPHEN_PEREGRINUS_PROTEUS_noWikiID,36.58252184690261,0.0006529607528345198,0.0008232355933771158,0.2573561498935805,0.0023993719202803944,0.0601640846066759,1,0
GELD_UND_GEIST_noWikiID,14.777889408407333,0.0003651121018771895,0.017102950698362776,0.2522251696573073,0.00015324265486810445,0.0645339993923284,3,1
GESCHICHTEN_AUS_DEN_TIROLER_BERGEN_noWikiID,67.0288226629688,0.0022940339518373915,0.00097123300342244,0.3705544015019285,0.05192773994400791,0.0205467828522686,4,3
GESCHICHTE_DES_AGATHON_Q1517277,29.679261083848612,0.0005277961054353578,0.002842783584620602,0.24314198768145506,0.0011308298141012336,0.948685656615469,1,0
GESCHICHTE_DES_FRAEULEINS_VON_STERNHEIM_Q1517346,74.75595129115494,0.0035190213294615433,0.002303209693830358,0.41468879464262137,0.0875985047902685,0.322790810707987,3,3
GESCHICHTE_EINES_DEUTSCHEN_DER_NEUSTEN_ZEIT_noWikiID,66.72956184276222,0.0024076010265220234,0.0015447229673480713,0.4029429866744311,0.040183863398021984,0.0560723413501725,3,1
GESCHICHTE_EINES_WIENERKINDES_noWikiID,63.76800378422106,0.002167377563174921,0.0011716461628588166,0.36576268246978927,0.05106529053981488,0.0560723413501725,4,3
GESCHICHTE_VOM_BRAVEN_KASPERL_UND_DEM_SCHOENEN_ANNERL_Q1517619,35.45039802592272,0.0006007792360251314,0.00987882712052539,0.28529012834419315,0.0011347480801232482,0.389868771519071,5,2
GESCHICHTE_VOM_GALGENMAENNLEIN_noWikiID,26.679042839355606,0.0008331629795707483,0.01072056239015817,0.3449612855528954,0.010909421833050194,0.0560723413501725,3,3
GESCHWISTER_TANNER_Q1510146,47.421829728382484,0.0010179791519250524,0.006064810532482348,0.33363993424177685,0.006570629319404073,0.0691979459011065,5,2
GESPRAECHE_MIT_DAEMONEN_noWikiID,29.516623053296552,0.0008727094805481984,0.019751487682298893,0.3787908052548624,0.013800688348993938,0.0601640846066759,3,4
GIB_MICH_FREI_noWikiID,55.07082336923693,0.0014922957535742714,0.0009773995621743285,0.29755665544982274,0.012915163689151701,0.0205467828522686,5,2
"GOCKEL,_HINKEL_UND_GACKELEIA_Q1478745",59.54960440185436,0.0013793238503425182,0.004316591126321956,0.3620063831821423,0.016793498668471418,0.0741722353260478,1,0
GODWI_Q1533941,39.58418521721722,0.000673648366135226,0.006743131995190083,0.335174815939563,0.0028789122183483177,0.164245491888855,3,1
GOLDELSE_(MARLITT)_Q93955765,87.6951360057934,0.0033716682117596914,0.0005611568464218542,0.38676063831956675,0.08157995871157736,0.0255818179471078,4,3
GRANDISON_DER_ZWEYTE_noWikiID,77.72657678876124,0.0031268916381905665,0.0015971387167391237,0.4256423280294802,0.07679264202293133,0.0560723413501725,0,1
GRETE_MINDE_noWikiID,33.27803201258641,0.0005578154994808221,0.00040082631887275303,0.2408998182340062,0.0006701602205467138,0.289764790109877,5,2
GRILLPARZERS_LIEBESROMAN_noWikiID,71.75982791862361,0.002679457300389787,0.0007461536089785095,0.38439211300398185,0.060813778006251956,0.0205467828522686,2,4
GROENLAENDISCHE_PROZESSE_noWikiID,67.42230829924071,0.0015335330733280148,0.0025282890882742885,0.31968750720340405,0.01823582287957127,0.0601640846066759,1,0
GROSZMUETHIGER_FELDHERR_ARMINIUS_noWikiID,1.9721144623301852,0.00027288355193946285,0.0025159559707705116,0.221069479410582,4.1370764173915436e-05,0.0205467828522686,4,3
GUTMANNS_REISEN_Q1557236,85.76545417854848,0.004131870236417366,0.0007862362408657848,0.425601407824041,0.10863707354811877,0.0560723413501725,3,3
HALBTIER_noWikiID,58.65542429955825,0.0012524970332987826,0.003043196744056979,0.28758656140954447,0.008117380640191059,0.0205467828522686,5,2
HAMMER_UND_AMBOSS_noWikiID,74.51436176631013,0.0020078054781982233,0.005562235994203434,0.4071782941729904,0.03408970526974312,0.0221068485323305,3,1
HANS_UND_HEINZ_KIRCH_Q1489200,33.836572155034474,0.0008467057057765284,0.003049363302808867,0.3449706039215859,0.008639758568423958,0.389868771519071,0,1
HASTENBECK_noWikiID,82.63466890466614,0.0026803535717573514,0.0005149076557826904,0.3558449156373334,0.044587036480327406,0.0560723413501725,1,0
HEIDI_(ROMAN)_Q271697,31.660372075105712,0.0005525216084486829,0.0036968519717571605,0.2948165552896473,0.0010600433478708037,0.0205467828522686,3,1
HEINRICH_JUNG_STILLINGS_JUGEND_noWikiID,65.59022628135455,0.001780852159425075,0.0013658927635433046,0.32111538985466687,0.01611343507253711,0.0205467828522686,5,2
HEINRICH_VON_OFTERDINGEN_Q58178849,84.67667109974153,0.0032775986991089552,0.0009249838127832762,0.4069319425164779,0.0832937450969504,0.921899833474736,2,4
HEITERETEI_noWikiID,42.87090219962635,0.0007027986189923773,0.0005611568464218542,0.2543113914694124,0.001495620766415889,0.0560723413501725,5,2
HERMANN_VON_UNNA_noWikiID,91.6596078796947,0.0036468035531326804,0.0016557210248820645,0.41302437702819655,0.07934685943117047,0.0205467828522686,3,0
HERRMANN_UND_ULRIKE_noWikiID,89.74600754636958,0.004233705252118714,0.0011747294422347608,0.43302329292099334,0.11000014179174816,0.0691979459011065,3,3
HERRN_DAMES_AUFZEICHNUNGEN_noWikiID,90.7100896955884,0.003906496910264286,0.001492307217957019,0.4476607227376088,0.09452747821398173,0.0275134422375932,3,1
HERR_LORENZ_STARK_noWikiID,82.61728641178792,0.0026671221007568487,0.0006320722720685721,0.34442411438167586,0.03228016374474777,0.0221068485323305,5,2
HESPERUS_ODER_45_HUNDPOSTTAGE_Q1527881,74.25384266026678,0.0015619409754530343,0.0009126506952794992,0.3062266390381718,0.015066936184349972,0.0975111340573339,1,0
HOEXTER_UND_CORVEY_Q1649221,67.76891747359275,0.0025576784394973117,0.002099713255018037,0.4076572102648847,0.06092028647488234,0.259978377605495,0,1
HOLLAENDISCHE_LIEBHABEREIEN_noWikiID,61.24753301787884,0.0011531584532394556,0.0013658927635433046,0.30451303138296876,0.008629486397968426,0.0601640846066759,1,0
HOLLINS_LIEBELEBEN_Q1624844,99.55111383841077,0.0032674376133870267,0.0004532420682638054,0.3664181491539222,0.05864169514011912,0.0560723413501725,1,0
HOMO_SUM_noWikiID,56.56399651214543,0.0012550887344017227,0.0029537816421545955,0.3735897528708588,0.014767487135403542,0.0205467828522686,3,1
HUMORISTISCHEN_SKIZZEN_AUS_DEM_DEUTSCHEN_HANDELSLEBEN_noWikiID,37.46991834982406,0.0010874397027008553,0.009077174482779884,0.3680746959171444,0.020362070277896167,0.0601640846066759,2,4
HYPERION_(HOELDERLIN)_Q1190094,52.97704928101088,0.00087666286545971,0.00250053957389079,0.2792580429036855,0.0027909991880500857,0.628138424466113,5,2
IMMENSEE_noWikiID,49.73054169753631,0.0015504851210218686,0.0014244750716862454,0.31340675101120374,0.016100862647997906,0.462879594039226,5,2
IM_ALTEN_EISEN_Q1474111,80.69911205348039,0.0030443557330456362,0.0007862362408657848,0.42426886797303054,0.06728990665529636,0.0601640846066759,3,1
IM_HAUSE_DES_KOMMERZIENRATES_noWikiID,54.304089587448075,0.001471144178323316,0.0019702155212283786,0.33865009998321355,0.026613621412215304,0.0205467828522686,4,3
IM_NACHBARHAUSE_LINKS_noWikiID,49.80669584214593,0.0016919690692595046,0.0034378565041778436,0.3577258777136442,0.037743780663557186,0.0601640846066759,4,3
IM_REICHE_DER_HOMUNKULIDEN_noWikiID,11.625365340180696,0.00037585781658738544,0.006067893811858292,0.2926360055369785,0.001792000138436332,0.0205467828522686,2,4
IM_SCHLARAFFENLAND_Q1285424,32.54078277474604,0.001003160766167954,0.013979588690531248,0.3318047848019353,0.018211912155037556,0.0221068485323305,2,4
IM_SIESGESKRANZE_noWikiID,16.765443413013653,0.0004099570520147255,0.015052569913359848,0.28427224653199135,0.000728949998917228,0.0560723413501725,1,0
INNOCENS_Q1664115,65.57969518357476,0.0023371354384341806,0.001177812721610705,0.38182096004060223,0.05531908479348287,0.0560723413501725,4,3
IN_ST._JUERGEN_Q105232019,28.61211049614109,0.0006731299246756691,0.004402922948848395,0.3371522591779643,0.006004410368436607,0.0601640846066759,0,1
IRRUNGEN_WIRRUNGEN_Q669599,87.59832081057714,0.0017475303880181577,0.0007214873739709555,0.2996607356159495,0.011696482745281987,0.305392408053958,5,2
ISABELLA_VON_AEGYPTEN_Q35783041,32.544424987811865,0.000639443184511479,0.0040421792618629175,0.28454908164695664,0.0028255233452221845,0.274620702296579,1,0
ISEGRIMM_noWikiID,89.63506756340122,0.0032690807166100943,0.0016803872598896185,0.3895959604825296,0.051876996174063356,0.0205467828522686,5,2
JAKOBS_DES_HANDWERKSGESELLEN_WANDERUNGEN_DURCH_DIE_SCHWEIZ_noWikiID,14.752013506370156,0.0003661269487063482,0.029624148244072394,0.26770404313913787,0.0002579766525216784,0.0560723413501725,3,0
JAKOB_DER_LETZTE_Q15507850,89.29452217650386,0.0020417893984186366,0.0009496500477908302,0.3084378821312161,0.017176266956670495,0.0645339993923284,5,2
JAKOB_VON_GUNTEN_Q1679462,26.26428273386009,0.0005497811859796354,0.0037307680448925473,0.2753857384018481,0.0015916266659798085,0.0691979459011065,5,2
JENNY_noWikiID,84.72237664872341,0.003456799923425113,0.000376160083865199,0.41525803962133195,0.07755563855162023,0.0237824899093644,3,0
"JUDITH,_DIE_KLUSWIRTIN_noWikiID",49.483841832240266,0.0018102254055921653,0.0030524465821848115,0.4035027629484479,0.040957242001137324,0.110370305679579,2,4
JUERG_JENATSCH_Q1411041,30.312139024291497,0.000740676946840701,0.008053525729966392,0.2909184664573857,0.007923988683029473,0.518885031764307,4,3
JULCHEN_GRUENTHAL_noWikiID,64.77500434954922,0.002245039414247656,0.0013905589985508586,0.39400959932186047,0.05032601127235112,0.0205467828522686,0,1
JUNGFER_MUTTER_noWikiID,42.53348351985658,0.0007743031637305331,0.0065211358801220976,0.3192094682399455,0.003230605798386233,0.0560723413501725,3,1
KINDER_DER_EIFEL_Q111345448,53.3494066304938,0.0013883012405433801,0.0005981561989331853,0.290445213467223,0.010431500308719371,0.0560723413501725,5,2
KINDER_DER_WELT_noWikiID,56.54767923904244,0.0015839903839077784,0.002963031480282428,0.39708912109956856,0.02833285049560867,0.0560723413501725,0,1
KLEIDER_MACHEN_LEUTE_Q1746163,75.14854392656514,0.0016938780968925302,0.0013751426016711374,0.31636821035592577,0.01997819139885957,0.321481356814517,1,0
KLEIN_ZACHES_GENANNT_noWikiID,49.73369311570926,0.0016087362170889305,0.006616717540776369,0.3745483381163371,0.02809460296613322,0.259978377605495,3,0
KRAMBAMBULI_(ERZAEHLUNG)_Q1385007,79.4260580276061,0.00261192631144808,0.0026022877932969507,0.4200994166420335,0.048461783108060576,0.0560723413501725,0,1
KREISLERIANA_noWikiID,63.17501386800064,0.001246824771112853,0.0009126506952794992,0.29037002941298895,0.010117275698021526,0.321481356814517,1,0
KRIMINAL-HUMORESKEN_noWikiID,20.37194372261896,0.0004971083046245396,0.004797582708969259,0.2781596756833304,0.0030203825481679505,0.0221068485323305,4,3
KUSS_VON_SENTZE_noWikiID,41.00929943203576,0.0006463974053278194,0.01091480899084266,0.26915763821690564,0.0011412126731301072,0.0560723413501725,5,2
L'ADULTERA_Q1744488,64.55061385527141,0.0018445795651518592,0.0042117596275398515,0.3376687740533761,0.0195340589357865,0.462879594039226,5,2
L'ARRABIATA_noWikiID,19.057366857555756,0.000421521298953383,0.0029321986865229856,0.23449955049557233,0.00030087532128894313,0.0601640846066759,5,2
LA_SIBYLLE_noWikiID,74.54751480121345,0.0028262269777850893,0.001322726852280085,0.40514646578275315,0.06785001621035323,0.0205467828522686,0,4
LEBENS-ANSICHTEN_DES_KATERS_MURR_Q1314475,58.27132956607811,0.0012706815709380955,0.004131594363765301,0.3328619792501346,0.012659236196593558,0.425970768854918,1,0
LEBENSGESCHICHTE_UND_NATUERLICHE_ABENTHEUER_DES_ARMEN_MANNES_IN_TOCKENBURG_noWikiID,20.646883116283604,0.0005220095366645782,0.007150124872814726,0.31798263208134925,0.003301107026274115,0.0560723413501725,0,1
LEBEN_DER_SCHWEDISCHEN_GRAEFIN_VON_G_noWikiID,81.45225878439058,0.0022837127963939584,0.0019671322418524343,0.3578043951526795,0.02528984745328863,0.184109855669026,5,2
LEBEN_DES_QUINTUS_FIXLEIN_Q1810877,43.31444345466586,0.0007707563403449633,0.0006783214627077359,0.265846080580174,0.003635064802140736,0.259978377605495,1,0
LEBEN_DES_VERGNUEGTEN_SCHULMEISTERLEIN_MARIA_WUTZ_IN_AUENTHAL_Q1810880,27.673293594232668,0.0005155582812081523,0.0007677365646101193,0.2409950215634977,0.0011416399371271607,0.274620702296579,1,0
LEBEN_UND_TATEN_DES_BERUEHMTEN_RITTERS_SCHNAPPHAHNSKI_Q15825464,70.67186617707036,0.002734129032929841,0.00518915918971418,0.3901097310872375,0.0630941544950175,0.0691979459011065,4,3
LEDWINA_noWikiID,57.52859441545236,0.0012447583584455106,0.003228193506613634,0.38376508272178833,0.014471270059188806,0.0560723413501725,3,1
LEIB_WEIHNACHTSKUCHEN_UND_SEIN_KIND_noWikiID,47.45719573708582,0.0008536124925871572,0.00223229426818364,0.2680851571944594,0.003086507163037649,0.0560723413501725,5,2
LEIDEN_UND_FREUDEN_EINES_SCHULMEISTERS_noWikiID,45.53476585867181,0.000873317105535645,0.004933247001510806,0.34306919059166346,0.005638529681285198,0.0560723413501725,3,1
LENZ_(BUECHNER)_Q353180,61.19357351273417,0.0011219665526216137,0.0025992045139210064,0.2882774045896819,0.005190837003206066,0.916343123471815,5,2
LEUTNANT_GUSTL_Q1821658,11.258536926281035,0.0003419974712930537,0.0027102025714549993,0.20155659349980798,7.219588754252821e-05,0.462879594039226,5,2
LIBERTAS_UND_IHRE_FREIER_noWikiID,61.344013000682125,0.0016493362265329829,0.0030370301853050903,0.3193790421605954,0.021121409221521427,0.0645339993923284,1,0
LICHTENSTEIN_noWikiID,58.71739857020918,0.0015481303316612484,0.004692751210187155,0.39773600052127056,0.023593326966244103,0.274620702296579,0,1
LIEBESZAUBER_noWikiID,97.67358820913904,0.004105192420309709,0.0006999044183393457,0.4014133016691706,0.09102161401376359,0.0601640846066759,3,0
LIED_DER_PARZEN_noWikiID,25.440237896428446,0.0006013723174672043,0.00291369901026732,0.26020697756742905,0.0023461153133894725,0.0205467828522686,5,2
LIENHARD_UND_GERTRUD_Q1824235,30.24078080464259,0.0005285280637960159,0.003163444639718805,0.23988902030154025,0.0005839231175361262,0.0205467828522686,5,2
LOLA_noWikiID,59.634914783732505,0.001686965868539538,0.006672216569543366,0.4033512275571215,0.02429652270241759,0.0560723413501725,3,1
"LOTTI,_DIE_UHRMACHERIN_noWikiID",77.73121920908795,0.003010785011539357,0.0008941510190238337,0.3928701280010461,0.06745503287168017,0.274620702296579,2,4
LUCINDE_Q1873464,74.7022971822582,0.0025444599892307327,0.0020041315943637654,0.42049587108166425,0.05015210945108603,0.646802287618677,3,1
LYDIA_noWikiID,76.76440684041886,0.003011053504002353,0.0009743162827983843,0.4101329017584211,0.0722445980650277,0.0221068485323305,2,4
MADONNA_noWikiID,16.893974753240002,0.00048651282116212466,0.012043289242438257,0.3478560183123287,0.003560069502071589,0.0255818179471078,3,0
MAERCHEN_DES_LEBENS_noWikiID,14.26950159943544,0.00040420516207531664,0.010988807695865322,0.30169646634653857,0.0021838595166359734,0.0560723413501725,2,4
MALER_NOLTEN_Q1752673,36.583875187875854,0.0010791216364995238,0.0038325162642987077,0.3354240926506595,0.016474530203200274,0.0741722353260478,4,3
MARIA_noWikiID,60.50629603092562,0.0020610749426833623,0.002204544753800142,0.3690686242740612,0.0311509785819685,0.0394945910733656,0,1
MARION_noWikiID,22.461250626761213,0.00047838541962830954,0.019267412820275644,0.3070836201255117,0.0013912761316113278,0.0560723413501725,0,1
MARQUISE_VON_O_noWikiID,36.605593045300395,0.0008334951610841073,0.006931212037122683,0.36700632044290915,0.007650317632413118,0.259978377605495,3,1
MARTIN_SALANDER_Q1904882,86.51396757445625,0.0035227682843890686,0.000521074214534579,0.40084502606897987,0.08663408994899262,0.0975111340573339,4,3
MEINE_KINDERJAHRE_Q1918015,73.18534324148972,0.00213950343795519,0.0008448185490087256,0.344449451097287,0.038281613182629654,0.0601640846066759,4,3
MEIN_HERZ_(ROMAN)_Q20827330,36.571645219263104,0.0011323457787342213,0.008568433385749082,0.3396819317519252,0.017322592942390476,0.0601640846066759,0,4
MEISTER_AUTOR_ODER_DIE_GESCHICHTEN_VOM_VERSUNKENEN_GARTEN_Q1452385,76.71044264457399,0.002906553550799476,0.002133629328153424,0.4170556145998658,0.06386907894677812,0.0601640846066759,3,1
MEISTER_FLOH_Q837936,74.90568683913364,0.0016275191376990106,0.002303209693830358,0.33650388831521755,0.01807230595736208,0.33800545810469,1,0
MEISTER_MARTIN_DER_KUEFNER_UND_SEINE_GESELLEN_Q1918300,50.6242849830404,0.001208830350557032,0.002756451762094163,0.3528290773179467,0.01445986717465294,0.0794735706665683,3,0
MEISTER_TIMPE_noWikiID,64.56598185043546,0.002236560705395497,0.0021798785187925876,0.38792378466831984,0.0522379568799974,0.0455753535426939,4,3
MICHAEL_KOHLHAAS_Q279676,13.723105251305007,0.00035638673314081584,0.013057688157123916,0.2440211863540167,0.00020632797907813266,0.354934606197489,1,0
MODERNE_LEBENSWIRREN_noWikiID,43.47225690631628,0.0011836493053163284,0.005941479357444578,0.3656498464002112,0.02187247308611758,0.0221068485323305,4,3
MORALISCHEN_ERZAEHLUNGEN_noWikiID,60.56072076996933,0.0015084640795276563,0.004387506551968673,0.3868416257039659,0.021985808391834148,0.0205467828522686,3,1
MOZART_AUF_DER_REISE_NACH_PRAG_Q1951309,26.62828999578536,0.0007730525652585917,0.004409089507600284,0.31223837191553544,0.009673991677375328,0.305392408053958,4,3
MUENCHHAUSEN_noWikiID,87.71004207123698,0.0037346658765700157,0.0009034008571516664,0.4031821067681008,0.0916905682124422,0.0237824899093644,4,3
NACHTSTUECKE_Q15836200,86.54612867712832,0.0027060447253776584,0.0016958036567693397,0.3743129132997763,0.045834824007930604,0.537517652776424,1,0
NACHTWACHEN_Q1962904,75.55300400668108,0.0021033130968342545,0.0015971387167391237,0.3447602179685947,0.029752346631464654,0.557525892938665,1,0
NACH_DEM_GROSSEN_KRIEGE_Q1269839,77.74897827264672,0.0030977274778668383,0.0012178953534979803,0.420524014420884,0.059605849609549184,0.0560723413501725,0,1
NESTHAEKCHEN_(KINDERBUCHREIHE)_Q1747891,81.74416335819883,0.003200031280210197,0.00111614713409182,0.3899149774188888,0.06929055885792994,0.0205467828522686,2,4
NEUE_GESCHICHTEN_AUS_DEM_GHETTO_noWikiID,84.61433124502275,0.0027790238514145684,0.0021305460487774795,0.38109675535767307,0.03839644356534748,0.0205467828522686,5,1
NEUE_IDYLLEN_noWikiID,50.01335105268728,0.0009332691161549962,0.0028551167021243795,0.26106016985980196,0.003856982237605865,0.0205467828522686,5,2
NINON_noWikiID,30.656953477499705,0.0009424468381201753,0.0034995220916967285,0.3304812715711936,0.01681750029963033,0.0601640846066759,4,3
NOVELLEN_AUS_OESTERREICH_noWikiID,57.611612503833264,0.00203067975443867,0.0014337249098140782,0.36675260767116374,0.04704937719680779,0.104292668680321,4,4
OHNE_LIEBE_Q106687147,25.94173437918573,0.0005024246494216196,0.009101840717787439,0.24515532150269226,0.0007739202224959303,0.0601640846066759,5,2
PANKRAZ_DER_SCHMOLLER_Q2049588,31.56411133669956,0.0005596999281166273,0.004097678290629914,0.2579572422938247,0.0014255897355130815,0.305392408053958,1,0
PAPA_HAMLET_Q2050484,12.557202212003512,0.0003768749414455499,0.01448832978756205,0.2671828715654314,0.0007531722497605727,0.464370821315899,2,4
PARALYSE_noWikiID,24.584125758945618,0.0004964171722332017,0.006607467702648536,0.30062273300575704,0.001454139617290382,0.0560723413501725,1,0
PETER_CAMENZIND_Q576493,78.78895974450035,0.0039310080841766645,0.0007245706533468997,0.44143782753508937,0.10032537514750499,0.0601640846066759,3,1
PETER_SCHLEMIHLS_WUNDERSAME_GESCHICHTE_Q1093419,61.45784715970853,0.0014604196615174282,0.0037061018098849935,0.38824454916124534,0.018155008641044273,0.305392408053958,3,1
PFISTERS_MUEHLE_Q1373296,51.78046427853795,0.0017071903243424513,0.0032867758147565747,0.3446453281383842,0.026477990521440394,0.500199736105852,1,0
PFLUG_UND_SCHRAUBSTOCK_noWikiID,43.31882655507674,0.001318439366908273,0.0015786390404834581,0.33862246629245174,0.026946140669334318,0.0205467828522686,4,3
PLAUTUS_IM_NONNENKLOSTER_Q1772718,43.04066691793487,0.0010039430335448505,0.00506582801467641,0.3143623512194321,0.013259175716283463,0.0645339993923284,4,3
POLE_POPPENSPAELER_Q1760267,38.5715590538083,0.0009747481109124096,0.007467702648536983,0.35933966336293527,0.012806366002813475,0.321481356814517,0,1
POLIZEIGESCHICHTEN_noWikiID,80.6237562110458,0.0029396415285209815,0.0015478062467240157,0.38431335814190304,0.06727147001578494,0.0205467828522686,4,3
POLNISCHE_GHETTO-GESCHICHTEN_noWikiID,38.74883311238373,0.0012163918442187405,0.01258902969198039,0.39941409719959065,0.02196417225847863,0.0560723413501725,2,4
PRINZESSIN_BRAMBILLA_Q570890,76.58590121479398,0.002178611087782871,0.0011130638547158758,0.3557736108309259,0.03183818531091398,0.33800545810469,1,0
PRINZESSIN_FISCH_Q2110713,61.41376923094757,0.0017448505414441877,0.002488206456387013,0.32704514019719894,0.024790301215557583,0.0601640846066759,1,0
PROFESSOR_UNRAT_Q457481,48.83548245338196,0.0017979972001265876,0.0012363950297536459,0.3472155650029858,0.03492009546869279,0.0221068485323305,2,4
PROKOPUS_Q23689421,38.612391643567626,0.000775138425831108,0.008537600591989639,0.3416294399912503,0.006040484164822266,0.0560723413501725,3,1
PSYCHE_noWikiID,68.66919824653857,0.0022041641234438847,0.003459439459809453,0.34225223023663814,0.026445912586243087,0.0560723413501725,5,2
QUITT_(FONTANE)_Q1589389,59.63975736977805,0.0015948373105880037,0.002694786174575278,0.3986443616925533,0.022639009934947243,0.0794735706665683,3,1
REICHSGRAEFIN_GISELA_noWikiID,44.028717953944415,0.001086284613472071,0.0015447229673480713,0.31581006452709987,0.015305775593527575,0.0221068485323305,4,3
REICH_UND_ARM_noWikiID,35.35697085984908,0.0008431789940546514,0.0039342644837048685,0.35316392199158503,0.00932632372154445,0.0560723413501725,0,1
REISENOVELLEN_noWikiID,66.70255666042422,0.0025419025967960605,0.004285758332562513,0.39574675230618434,0.05327760342563402,0.0601640846066759,3,0
REISE_NACH_BRAUNSCHWEIG_noWikiID,45.801209798916126,0.0013737109472395856,0.0008417352696327814,0.33214445526508446,0.02404049280119727,0.0560723413501725,4,3
REITERGESCHICHTE_Q2142105,11.61594056791539,0.0003364826183190525,0.0004347423920081398,0.21501423187643193,0.00011624327804850142,0.321481356814517,1,0
RENATE_noWikiID,16.899492647952936,0.0004758940339787739,0.016014553078654455,0.3236005945765467,0.003061019804183007,0.0601640846066759,0,1
REQUIEM_DER_LIEBE_noWikiID,55.50225694535837,0.001899965253408123,0.0027749514383498286,0.3505484028594589,0.03057674605096195,0.0691979459011065,2,4
REVOLUTION_UND_CONTREREVOLUTION_noWikiID,73.74056377299671,0.0027250779006404526,0.0011346468103474855,0.383046982502541,0.06534595535262387,0.0221068485323305,2,4
RINALDO_RINALDINI_noWikiID,43.0990894622694,0.0008530510296834034,0.0028057842321092714,0.2641919878885867,0.003824682427881011,0.0255818179471078,5,2
RITTMEISTER_BRAND_noWikiID,68.38440886942863,0.0024777710310160198,0.0017821354792957789,0.37914535706629504,0.05287989917999541,0.0645339993923284,2,4
ROBINSON_DER_JUENGERE_Q42195141,43.80609575721012,0.0013342363002282615,0.0031511115222150276,0.3607935142373444,0.01786912765410695,0.274620702296579,0,1
ROMAN_AUS_DER_DECADENCE_noWikiID,58.47808231124421,0.0019106196170868709,0.0011963123978663706,0.35675898400970546,0.043706113569762,0.0205467828522686,4,4
ROSSHALDE_Q2171354,89.51916338686183,0.0027301652649811357,0.0008047359171214503,0.3518569350792821,0.03160519828225238,0.0560723413501725,5,2
RUHE_IST_DIE_ERSTE_BUERGERPFLICHT_noWikiID,59.31709144817678,0.001780934286893865,0.0056609009342336505,0.34520278518427566,0.021868491528142037,0.0237824899093644,5,2
RYNO_Q2178262,56.37670005888399,0.001843045134014161,0.00337002435790707,0.34146067103128275,0.027022619588422076,0.0601640846066759,2,4
SALY'S_REVOLUTIONSTAGE_noWikiID,36.84393016865247,0.001139269894222139,0.007803780100514907,0.36883670834328486,0.01938652145415711,0.0205467828522686,3,1
SANKT_THOMAS_(NOVELLE)_Q1499960,83.62951514699188,0.00303494869768488,0.0008170690346252273,0.3742052869689601,0.0653180966865947,0.0601640846066759,4,3
SATIRISCHE_ERZAEHLUNGEN_noWikiID,68.05273040929781,0.0013300826741919937,0.0017143033330250053,0.30176133769463165,0.011628702091919716,0.0560723413501725,1,0
SCHACHTEL_MIT_DER_FRIEDENSPUPPE_noWikiID,37.65484068965627,0.0007951372536928053,0.006228224339407394,0.36361052951719086,0.007190550204518552,0.0560723413501725,3,0
SCHACH_VON_WUTHENOW_Q2229265,88.7202526987261,0.0035010640410553864,0.0004347423920081398,0.41017967926131704,0.08198429268096355,0.645431155250413,2,4
SCHELMUFFSKY_Q107356648,19.7643273213127,0.00048028625470406585,0.00894459346961428,0.32274060042354114,0.0022345367941888662,0.33800545810469,3,1
SCHICKSALE_EINER_SEELE_noWikiID,57.40147365836526,0.0019511723571907415,0.002546788764529954,0.352227016294126,0.038249760635901,0.0221068485323305,2,4
SCHLOSS_AVALON_noWikiID,91.38839444121739,0.003257008569847353,0.0016958036567693397,0.37745652322440204,0.07184585873952994,0.0205467828522686,4,3
SCHLOSS_UND_FABRIK_noWikiID,70.56761358907687,0.002055035389761582,0.001177812721610705,0.38383454880836354,0.0344932309745873,0.0221068485323305,3,0
SCHWARZWAELDER_DORFGESCHICHTEN_Q60982841,62.521875374297835,0.0014701975534010653,0.0017821354792957789,0.3781297821325578,0.017633762663290118,0.0455753535426939,3,1
SCHWEIGEN_noWikiID,36.8587820391396,0.0009842057049316306,0.004492338050750778,0.35522113027670493,0.0138171533016047,0.0601640846066759,0,1
SELTSAMES_BEGEGNEN_UND_WIEDERSEHEN_Q2268722,54.394139219489375,0.0009351527913097052,0.001128480251595597,0.2888289876762192,0.005121870878579806,0.0601640846066759,1,0
SERAPHINE_noWikiID,92.74584497022973,0.004432408300720942,0.0013258101316560294,0.43436111490738905,0.11891742638813538,0.0560723413501725,4,3
SIBILLA_DALMAR_noWikiID,46.461083933085376,0.0015474402223473469,0.002158295563160978,0.3401850547323089,0.025862878620699952,0.0221068485323305,2,4
SIEBENKAES_Q2282375,56.18591329139139,0.0011723091391088098,0.0018746338605741064,0.28719212453003884,0.009893121698181762,0.0851189742374057,1,0
SIEBEN_LEGENDEN_Q1652394,67.52983894501014,0.0016932652556257395,0.0012425615885055343,0.3213026997151277,0.019641370008142384,0.33800545810469,1,0
SIEGWART_noWikiID,63.979733282955756,0.001280777758123788,0.0008201523140011716,0.28048345202657,0.007194014243698247,0.0237824899093644,5,2
SOLL_UND_HABEN_(ROMAN)_Q2298931,62.768414339159825,0.0023037138560530494,0.0028828662165078776,0.41234005365133347,0.04235252995706555,0.796427302529609,3,1
STERBEN_noWikiID,36.00563702138731,0.0006170149007456388,0.0010513982671969907,0.24649284023332846,0.001057325068381079,0.305392408053958,5,2
STINE_(FONTANE)_Q1691464,96.41784873236374,0.0029168488048579833,0.0014830573798291862,0.36700580739011557,0.03549835238234259,0.259978377605495,5,2
STOPFKUCHEN_Q1495045,70.72720604541038,0.002533921994034137,0.003249776462245244,0.41589580259382636,0.05284157257229286,0.71056394677693,3,1
STUFENJAHRE_EINES_GLUECKLICHEN_noWikiID,66.46234812106839,0.0018907746160139252,0.0010976474578361544,0.35097512028417716,0.03803825109293816,0.0221068485323305,4,3
STURMFLUT_noWikiID,70.7726129940723,0.0027976811524025183,0.001165479604106928,0.4227145060303636,0.053501815004300145,0.0221068485323305,0,1
TAGEBUCH_EINER_VERLORENEN_Q7675198,87.7210719579736,0.002037726538199529,0.003055529861560756,0.33503378836352915,0.017348054889974922,0.0221068485323305,5,2
TAGEBUCH_EINES_ARMEN_FRAEULEINS_noWikiID,65.59318928000283,0.0012952945864905976,0.0038386828230505964,0.30501781564534114,0.007582779240759915,0.0205467828522686,5,2
TAMBI_noWikiID,61.79099805131227,0.002187194592249876,0.003043196744056979,0.38495097222181623,0.04244758251330692,0.259978377605495,0,1
TITAN_(JEAN_PAUL)_Q492384,62.710135418623366,0.001969121934947752,0.001202478956618259,0.34459085314351723,0.031026052506799684,0.127184961519692,1,0
TOD_IN_VENEDIG_Q828296,26.06019609572196,0.0004925012207458439,0.007396787222890265,0.2773976828954548,0.0015279986234584633,0.0741722353260478,1,0
TONIO_KROEGER_Q692988,42.81145141648195,0.00158566213429783,0.0036567693398698855,0.4072249737754963,0.03333489024002974,0.0691979459011065,3,4
TOTENMESSE_noWikiID,1.6958752892474638,0.0002711408375845956,0.004467671815743224,0.16421909059115497,3.417508077932848e-08,0.0205467828522686,2,4
TRAGIK_DES_LEBENS_noWikiID,62.49451703863987,0.002179225402016017,0.002537538926402121,0.36252370564175246,0.042133179442631334,0.0560723413501725,2,4
TUBUTSCH_Q23793189,31.34561452704406,0.000819993256086201,0.004825332223352758,0.33044822069037616,0.012625658186440611,0.0255818179471078,4,3
ULI_DER_KNECHT_noWikiID,31.436742468682525,0.00051613587511919,0.006410137822588104,0.26243648748888027,0.0005016724518123011,0.0794735706665683,5,2
ULI_DER_PAECHTER_noWikiID,27.7352555803175,0.0004982207271592552,0.002158295563160978,0.2895735461591992,0.0007685478299311802,0.0691979459011065,3,1
UNDINE_noWikiID,33.84999673725263,0.0009642322829098306,0.007538618074183701,0.36284985873129283,0.013792977125302924,0.462879594039226,3,1
UNRUHIGE_GAESTE_Q2496722,51.7669808753948,0.0016990000620005549,0.004455338698239447,0.3814412102511739,0.03052278274609888,0.0560723413501725,3,0
UNSUEHNBAR_noWikiID,73.7686075311835,0.0028926096633743667,0.0005395738907902445,0.385695865166404,0.06721194934804235,0.0560723413501725,2,4
UNTERHALTUNGEN_DEUTSCHER_AUSGEWANDERTEN_Q1680528,72.68868222188118,0.002959869669520569,0.0021243794900255913,0.4136083153244657,0.06763008465749346,0.33800545810469,3,0
UNTERHALTUNGEN_MIT_EINER_HEILIGEN_noWikiID,15.899228405562642,0.000449257106470555,0.00388493201368976,0.3424361549427378,0.002643503470045666,0.0221068485323305,3,0
UNTERM_BIRNBAUM_Q938689,93.61853053607554,0.0023266374462034617,7.091542564671784e-05,0.3178469313426916,0.02172191090851426,0.305392408053958,5,2
UNTERM_RAD_Q1325403,96.70526230320102,0.004388202050230344,0.001504640335460796,0.437321200775702,0.11710558630447052,0.0645339993923284,4,3
UNWAHRSCHEINLICHE_WAHRHAFTIGKEITEN_noWikiID,3.3460881139594645,0.00028167593769740947,0.0014028921160546357,0.0060418227110630275,-6.2253279392516896e-18,0.0560723413501725,1,3
UNWIEDERBRINGLICH_Q2499503,65.76269056209004,0.0026113592333291166,0.003000030832793759,0.4346075154086757,0.05852989760048786,0.289764790109877,3,1
USONG_noWikiID,45.405632199732196,0.0012229822157963158,0.00742145345789782,0.3632907207787029,0.020798774391743432,0.0255818179471078,4,3
VENUS_IM_PELZ_Q677592,53.82905689281678,0.000860483389488399,0.005941479357444578,0.29251639234627896,0.002703943294355838,0.0601640846066759,5,2
VEREINIGUNGEN_noWikiID,31.64584141482119,0.0005896080583533798,0.020846051860759104,0.3161061380858206,0.0024281018368092406,0.274620702296579,3,0
VERWORRENES_LEBEN_noWikiID,78.7599633338723,0.0034724484551043517,0.002460456942003515,0.44308158536506603,0.08395704796595203,0.0560723413501725,2,4
VIEL_LAERMEN_UM_NICHTS_noWikiID,64.2592553680502,0.0019202918572051339,0.0008448185490087256,0.34317608992937426,0.034379212822056616,0.0601640846066759,4,3
VIOLA_TRICOLOR_(STORM)_Q2527399,44.48981435728809,0.0012715742359937403,0.0026547035426880026,0.29696411665766576,0.009969260316279264,0.0741722353260478,5,2
VITTORIA_ACCOROMBONA_Q1403207,91.71161905552272,0.004028787418161368,0.00034224401072981223,0.40948906492824366,0.09262301049583259,0.0975111340573339,3,0
VON_PAUL_ZU_PEDRO_noWikiID,81.65769728555459,0.002632818697843088,0.0033145253291400733,0.4229991577374343,0.05053376946838107,0.0237824899093644,0,1
VOR_DEM_STURM_(ROMAN)_Q1273542,82.71388859766829,0.003090224270836273,0.0006783214627077359,0.39338178493951964,0.07691990904280695,0.2221662156401,2,4
WALDEINSAMKEIT_noWikiID,86.75878834856951,0.004191321558999028,0.0009064841365276108,0.42553350428499503,0.10374390606783516,0.0601640846066759,3,0
WALDHEIMAT_Q41547677,87.31450532471968,0.002927245214306464,0.0011932291184904263,0.3783456864777749,0.04018968073176416,0.0645339993923284,5,2
"WALLY,_DIE_ZWEIFLERIN_noWikiID",65.73425146158021,0.002314798490636731,0.0006104893164369623,0.36913782251677774,0.05378963387963995,0.662351989355763,2,4
WAS_DIE_ISAR_RAUSCHT_noWikiID,16.43389722368114,0.00046268997355663154,0.012339284062528905,0.29172635512224626,0.003683538597009374,0.0318106268524673,4,3
WEISSE_SCLAVEN_ODER_DIE_LEIDEN_DES_VOLKES_noWikiID,60.0644065739054,0.0017752040800168307,0.0027749514383498286,0.34424958356648916,0.03663665830766038,0.0221068485323305,4,3
WIENER_BLUT_noWikiID,17.265059298770037,0.00039719414203785676,0.004831498782104646,0.24972624568453386,0.0004716466560559729,0.0205467828522686,1,0
"WIE_FRAUEN_WERDEN._WERDE,_DIE_DU_BIST_noWikiID",32.87871423044979,0.0006092690604862787,0.00018499676255665526,0.2553354385007433,0.0014409990154387025,0.0205467828522686,5,2
WIE_FUENF_MAEDCHEN_IM_BRANNTWEIN_JAEMMERLICH_UMKOMMEN_Q1751009,49.508886736202285,0.0009041583161252132,0.00919742237844171,0.3552200212828734,0.006416092739929585,0.0560723413501725,3,1
WIE_WUNDERBAR_noWikiID,3.3942532462664823,0.00028212772625366036,0.0012949773378965867,0.006249367966560446,-4.745338012896771e-18,0.0601640846066759,5,2
WILHELM_MEISTERS_LEHRJAHRE_Q1194031,81.74022711093653,0.0037946442052249917,0.0016218049517466777,0.42837714094475865,0.09394033328838328,0.999115717764715,3,0
WILHELM_MEISTERS_THEATRALISCHE_SENDUNG_Q2574172,65.59553991332083,0.0016764993079205486,0.0006043227576850738,0.3368755688513658,0.02046662379000031,0.425970768854918,1,0
WILHELM_MEISTERS_WANDERJAHRE_Q478344,54.68388079019641,0.0014270248494705493,0.0024727900595072918,0.3249256541673314,0.021646643869370572,0.645431155250413,4,3
WILLIAM_LOVELL_Q2579763,67.68311414012872,0.0020590126042938704,0.002389541516356797,0.40946785077722964,0.03691809895275575,0.372234887656701,3,1
WOLDEMAR_noWikiID,84.69019300191128,0.0031747833410938637,0.0008540683871365584,0.39613128542438064,0.05698928322584085,0.0560723413501725,0,1
ZERBIN_ODER_DIE_NEUERE_PHILOSOPHIE_noWikiID,81.33594654290637,0.0020478954157609817,0.00237720839885302,0.33541749508836727,0.028306299910500234,0.0794735706665683,1,0
ZUERICHER_NOVELLEN_Q248678,82.2282380724425,0.001937149699910544,0.0010976474578361544,0.3164199801891872,0.023823339772549915,0.305392408053958,1,0
ZUM_WILDEN_MANN_Q229600,89.72502324153075,0.003984046246225981,0.001042148429069158,0.42021224990878836,0.09996610601847027,0.33800545810469,3,3
ZUM_ZEITVERTREIB_noWikiID,42.85310360213184,0.0014543808689438643,0.0033299417260197945,0.35771720323092976,0.029509219206055252,0.0205467828522686,2,4
ZUR_CHRONIK_VON_GRIESHUUS_noWikiID,29.853604025954155,0.0007041814807268701,0.006000061665587518,0.33997505080710544,0.006239723588165733,0.0794735706665683,0,1
ZUR_WALD-_UND_WASSERFREUDE_noWikiID,35.88300092172544,0.0010418906703382298,0.0038417661024265407,0.354590250923681,0.01604511032751162,0.0560723413501725,0,1
ZWEI_SCHWESTERN_noWikiID,34.64480066879829,0.0005956376980361679,0.005577652391083156,0.32889522852165237,0.00190571663806661,0.0560723413501725,3,1
ZWISCHEN_HIMMEL_UND_ERDE_(ERZAEHLUNG_1856)_Q64733588,67.12413701447471,0.0013830893261742674,0.001227145191625813,0.2951854849819465,0.008550383068586203,0.33800545810469,5,2
